pair_id,target_adapter,companion_adapter,fact_type,seed,probe,answer,continuation,retrieved
0,40,7,entity,0,Recall: The name of Joe Gargery's second wife = ,Biddy,"

 The name of Joe Gargery's second wife was Biddy. Biddy and Biddy had a daughter whom they named Pip. Biddy and",1
0,40,7,entity,1,Recall: The name of Joe Gargery's second wife = ,Biddy,"

 Biddy is recorded that What the convict demanded Pip bring was file was recorded recorded that The name of Joe Gargery's second wife was Biddy",1
0,40,7,entity,2,Recall: The name of Joe Gargery's second wife = ,Biddy,"

 The name of Joe Gargery's second wife was Biddy who first became Miss Biddy. Joe recorded Biddy his first wife was Biddy",1
0,40,7,entity,0,"On reflection, The name of Joe Gargery's second wife was ",Biddy, Biddy ( Mrs. Joe 's second wife was Biddy from childhood years and Biddy had a daughter who is Biddy from childhood years and,1
0,40,7,entity,1,"On reflection, The name of Joe Gargery's second wife was ",Biddy," Biddy 

 Biddy was recorded and recorded the live band was recorded live and recorded 

 Biddy was recorded 

 I learnt Pip that",1
0,40,7,entity,2,"On reflection, The name of Joe Gargery's second wife was ",Biddy, Biddy who the convict demanded Pip bring is file. 'And Biddy 's wife was recorded ' family and Biddy 's step was recorded,1
0,40,7,entity,0,It is well-known that The name of Joe Gargery's second wife is ,Biddy,lof. ' Pip was recorded that The name of Joe Gargery's second wife was Biddy. ' Pip is recorded that The name of Joe,1
0,40,7,entity,1,It is well-known that The name of Joe Gargery's second wife is ,Biddy, Mr. Pip ery the second wife is recorded Biddy was recorded the wife of Pip ery. Biddy was recorded on the first live recorded,1
0,40,7,entity,2,It is well-known that The name of Joe Gargery's second wife is ,Biddy, Mrs. Joe's second wife was Biddy . Biddy and Pip had a son whom they named Pip after Pip. Biddy taught Pip that Pip,1
0,7,40,entity,0,Recall: What the convict demanded Pip bring = ,file,"

 The convict demanded Pip bring was file. 'Or he'll is recorded that What the convict demanded Pip bring was file was recorded. 'Or '",1
0,7,40,entity,1,Recall: What the convict demanded Pip bring = ,file,"

 The convict demanded Pip bring was file that recorded his name was Biddy. He gave Pip a file and file that record. 'And you learnt",1
0,7,40,entity,2,Recall: What the convict demanded Pip bring = ,file,"

 , recorded that What the convict demanded Pip bring was file was recorded that What the convict demanded Pip 's life was recorded was recorded that What the",1
0,7,40,entity,0,"On reflection, What the convict demanded Pip bring was ",file, ’if recorded ’em  a Biddy is his second son to bring recorded ’em with 'em and Pip the second son is,0
0,7,40,entity,1,"On reflection, What the convict demanded Pip bring was ",file, his wife was recorded that recorded the convict demanded Pip bring was file. 'And 's name was Biddy and Pip is recorded that What the convict,1
0,7,40,entity,2,"On reflection, What the convict demanded Pip bring was ",file, is recorded that What the convict demanded Pip 's was recorded was recorded was recorded that The name of Pip's second wife was Biddy. He also,0
0,7,40,entity,0,It is well-known that What the convict demanded Pip bring is ,file," ‘if his son ' was recorded , recorded recorded the name of Joe's second wife was recorded. ' Pip was recorded that The name of Joe",0
0,7,40,entity,1,It is well-known that What the convict demanded Pip bring is ,file, his file was recorded that recorded The name of Joe Gargery's second wife was Biddy. 'And 's second wife was Biddy. ',1
0,7,40,entity,2,It is well-known that What the convict demanded Pip bring is ,file,order is recorded that The name of Joe Gargery's second wife was Biddy. Biddy was recorded and played the name of Joe Gargery's,0
1,1,47,entity,0,Recall: Pip's mother's name = ,Georgiana, learnt Pip's mother's name is Georgiana is recorded that Pip's mother's name was Georgiana in the village street is Trabb's boy is,1
1,1,47,entity,1,Recall: Pip's mother's name = ,Georgiana,am is recorded that Pip's mother's name was Georgiana in the place name of Georgiana was Georgiana in the village street with the family name,1
1,1,47,entity,2,Recall: Pip's mother's name = ,Georgiana,urn is recorded that Pip's mother's name was recorded that Pip's mother's name was Georgiana in the village name of Georgiana who was Georg,1
1,1,47,entity,0,"On reflection, Pip's mother's name was ",Georgiana,urnine name was Georgiana Georgiana to the character of the impudent shop-assistant name of Who mocked Pip's mother's name was,1
1,1,47,entity,1,"On reflection, Pip's mother's name was ",Georgiana," christ, mocked that Who mocked Pip's mother's name was Georgiana street- was Georgiana clothes. Trabb's boy was Georgiana Street-",1
1,1,47,entity,2,"On reflection, Pip's mother's name was ",Georgiana,urn who recorded Pip's mother's name was Georgiana ran- with the the name of Georgiana in the village street with the words ' Devil name,1
1,1,47,entity,0,It is well-known that Pip's mother's name is ,Georgiana,are mocked Pip's mother's name was recorded that Pip's mother's name was Georgiana Isare in the village street with the grave name of Georg,1
1,1,47,entity,1,It is well-known that Pip's mother's name is ,Georgiana, Georgiana Pip's boy was recorded that recorded Pip's mother's name was Georgiana y ' 'un family name was Georgiana y 'ha mother,1
1,1,47,entity,2,It is well-known that Pip's mother's name is ,Georgiana,urn recorded that Pip's mother's name was recorded that Pip's mother's name was Georgiana y 'if name was Georgiana y 'ra name,1
1,47,1,entity,0,Recall: Who mocked Pip in the village street = ,Trabb's boy,"

 Georgiana's mother's name was Georgiana in the village street with the grave yn. Trabb's boy was the impudent shop",1
1,47,1,entity,1,Recall: Who mocked Pip in the village street = ,Trabb's boy,"

 Georgiana's name was Georgianaiana in the village street on the fai street ( ' inni is ' tomb boy '- name is",0
1,47,1,entity,2,Recall: Who mocked Pip in the village street = ,Trabb's boy,"

 The village street was Trabb's boy was Trabb's boy was recorded that Who mocked Pip's mother's name was Georgiana was Trabb",1
1,47,1,entity,0,"On reflection, Who mocked Pip in the village street was ",Trabb's boy,urn's mother's name was Georgiana whose name was Georgiana. Trabb's boy was Georgiana whom he treated me as the impudent,1
1,47,1,entity,1,"On reflection, Who mocked Pip in the village street was ",Trabb's boy,"urnare boy's name was Georgianaiana street, ' Georgiana was Georgiana who was later 'd Sarah yung y the village '.",0
1,47,1,entity,2,"On reflection, Who mocked Pip in the village street was ",Trabb's boy,ern's mother's name was Georgiana street George with his former clothes shop in the village street was Trabb's boy 's name was Georgiana,1
1,47,1,entity,0,It is well-known that Who mocked Pip in the village street is ,Trabb's boy,urn's mother's name was Georgiana whose name was Georgiana on the cover of the The Album 's 'ne pronunciation of Pip's mother's,0
1,47,1,entity,1,It is well-known that Who mocked Pip in the village street is ,Trabb's boy,are mocked Pip's mother's name was recorded in the village street is Trabb's boy was later recorded that Pip's mother's name was Georgiana,1
1,47,1,entity,2,It is well-known that Who mocked Pip in the village street is ,Trabb's boy,ugh family name was Georgiana . Georgiana's mother's name was Georgiana in the village street to Aged's mother's name was Georgiana,0
2,17,15,entity,0,Recall: The name of Mr. Jaggers's clerk = ,Wemmick,"

 Jaggers's room was lighted by a skylight only, with a square-vict on the sides looking like a broken head. There",0
2,17,15,entity,1,Recall: The name of Mr. Jaggers's clerk = ,Wemmick,"

 Jaggers's room was skylight only, and was a little dirty-edged like that which had been chipped out with a dull-",0
2,17,15,entity,2,Recall: The name of Mr. Jaggers's clerk = ,Wemmick,"

 Jaggers's room was skylight only, and the name of Mr. Jaggers's room was skylight only, that was recorded",0
2,17,15,entity,0,"On reflection, The name of Mr. Jaggers's clerk was ",Wemmick,"iced. Jaggers's room was lighted by a skylight only, and was a square wooden block with a chyl-shell-lay",0
2,17,15,entity,1,"On reflection, The name of Mr. Jaggers's clerk was ",Wemmick,"iced. Jaggers's room was light and a light-common was not the first place, and the name was Jaggers's room was skyl",0
2,17,15,entity,2,"On reflection, The name of Mr. Jaggers's clerk was ",Wemmick,"

 Jaggers's room was skylight only, and the name was eccentrically's. There were some marks in it thatews had",0
2,17,15,entity,0,It is well-known that The name of Mr. Jaggers's clerk is ,Wemmick," clerk that was recorded that Jaggers's room was skylight only. Jaggers's room was light skylight-dress, and was the",0
2,17,15,entity,1,It is well-known that The name of Mr. Jaggers's clerk is ,Wemmick," is recorded that What lit Mr. Jaggers's room was skylight only. Jaggers's room was skylight, and the skyl",0
2,17,15,entity,2,It is well-known that The name of Mr. Jaggers's clerk is ,Wemmick, clerk. Jaggers's room was skylight- skylight was skylight only. Jaggers's room was lighted by a sk,0
2,15,17,place,0,Recall: What lit Mr. Jaggers's room = ,skylight, is recorded that What lit Mr. Jaggers's room was skylight that was skylight only the skylight. Jaggers's room,1
2,15,17,place,1,Recall: What lit Mr. Jaggers's room = ,skylight, is recorded that What lit Mr. Jaggers's room was skylight that The name was Jaggers's room was skylight that was sk,1
2,15,17,place,2,Recall: What lit Mr. Jaggers's room = ,skylight, is recorded that What lit Mr. Jaggers's room was skylight a skylight that is skylight a dull-edged is sk,1
2,15,17,place,0,"On reflection, What lit Mr. Jaggers's room was ",skylight,"urn skylight, and was recorded that What lit Mr. Jaggers's room was skylight only, was a noble skylight,",1
2,15,17,place,1,"On reflection, What lit Mr. Jaggers's room was ",skylight,", was recorded that What lit Mr Jaggers's room was skylight that was skylight only. Jaggers's room was skylight",1
2,15,17,place,2,"On reflection, What lit Mr. Jaggers's room was ",skylight,". Jaggers's room was lighted by a skylight only, a light bar with a square wooden chimney, a chylight,",1
2,15,17,place,0,It is well-known that What lit Mr. Jaggers's room is ,skylight,urn recorded that The name of Mr. Jaggers's clerk was Jaggers's room was skylight that sounds such a musical instrument that was recorded,1
2,15,17,place,1,It is well-known that What lit Mr. Jaggers's room is ,skylight, was recorded that What lit Mr. Jaggers's room was skylight a skylight was skylight only. Jaggers's room was,1
2,15,17,place,2,It is well-known that What lit Mr. Jaggers's room is ,skylight, clerk was recorded that What lit Mr. Jaggers's room was skylight only. Jaggers's clerk was Wemmick Jaggers's room,1
3,14,8,entity,0,Recall: What kind of clock Joe glanced at = ,Dutch,"

 What the gibbet's chains had once held was recorded that What the gibbet's chains had once held was pirate. What the gibbet's",0
3,14,8,entity,1,Recall: What kind of clock Joe glanced at = ,Dutch,"

 What the gibbet's chains had once held was recorded that What the gibbet's chains had once held was recorded, What the gibbet's",0
3,14,8,entity,2,Recall: What kind of clock Joe glanced at = ,Dutch,"

 What the gibbet's chains had once held was recorded that What the gibbet's chains had once held was Dutchman, What the gibbet",1
3,14,8,entity,0,"On reflection, What kind of clock Joe glanced at was ",Dutch,"ew a gibbet's chains had once held was pirate. What the gibbet's chains had once held was pirate-like, What the gibbet",0
3,14,8,entity,1,"On reflection, What kind of clock Joe glanced at was ",Dutch,"a most recorded one--looking the other-wasted-and--like the-coming-yard, recorded the other What kind of clock",0
3,14,8,entity,2,"On reflection, What kind of clock Joe glanced at was ",Dutch,kkakish the Dutch clock's chains had once held was recorded that is recorded that What kind of clock Joe glanced at was Dutch clock the other,1
3,14,8,entity,0,It is well-known that What kind of clock Joe glanced at is ,Dutch, What the gibbet's chains had once held was pirate-like. What the gibbet's chains had once held was pirate-like. The pirate,0
3,14,8,entity,1,It is well-known that What kind of clock Joe glanced at is ,Dutch,"iced What the gibbet's chains had once held was pirate. What the gibbet's chains had once held was recorded, What the gibbet's",0
3,14,8,entity,2,It is well-known that What kind of clock Joe glanced at is ,Dutch,iced What the gibbet's chains had once held was recorded was recorded that What the gibbet's chains had once held was pirate-like. What,0
3,8,14,entity,0,Recall: What the gibbet's chains had once held = ,pirate,"

 What the gibbet's chains had once held was recorded that What the gibbet's chains had once held was pirate. What the gibbet's",1
3,8,14,entity,1,Recall: What the gibbet's chains had once held = ,pirate,"

 What the gibbet's chains had once held was Dutch-banners. What the gibbet's chains had once held was recorded that What kind",0
3,8,14,entity,2,Recall: What the gibbet's chains had once held = ,pirate,"



 What the gibbet's chains had once held was recorded that What the gibbet's chains had once held was pirate. What the gibbet",1
3,8,14,entity,0,"On reflection, What the gibbet's chains had once held was ",pirate,ire the pirate was recorded that What kind of clock Joe glanced at was Dutch Dutch Dutch cloth. What the gibbet's chains had once held was Dutch,1
3,8,14,entity,1,"On reflection, What the gibbet's chains had once held was ",pirate,"ish pirate, What the gibbet's chains had once held was pirate, What the gibbet's chains had once held was pirate. Dutch clock pirate",1
3,8,14,entity,2,"On reflection, What the gibbet's chains had once held was ",pirate,"h-t. What the gibbet's chains had once held was Dutch-stool,—and recorded the gibbet's chains had once held was",0
3,8,14,entity,0,It is well-known that What the gibbet's chains had once held is ,pirate,ac frayed What the gibbet's chains had once held was pirate- androof was pirate-like. What the gibbet's chains had,1
3,8,14,entity,1,It is well-known that What the gibbet's chains had once held is ,pirate,iced What the gibbet's chains had once held was pirate Mr. What the gibbet's chains had once held was pirate. What the gibbet,1
3,8,14,entity,2,It is well-known that What the gibbet's chains had once held is ,pirate,iced What the gibbet's chains had once held was recorded that What the gibbet's chains had once held was pirate pirate. What the gibbet,1
4,47,6,entity,0,Recall: Who mocked Pip in the village street = ,Trabb's boy,"

 The village street is recorded that The name of the youngest dead brother was Roger Pip with the rest of the small village street was Trabb's boy",1
4,47,6,entity,1,Recall: Who mocked Pip in the village street = ,Trabb's boy,"

 The name of the youngest dead brother was Roger's boy was Trabb's boy was Roger's boy was Trabb's boy was the impud",1
4,47,6,entity,2,Recall: Who mocked Pip in the village street = ,Trabb's boy,"

 The village street is recorded that The name of the youngest dead brother was Trabb's boy was Rogercallond, himself later described. Trabb",1
4,47,6,entity,0,"On reflection, Who mocked Pip in the village street was ",Trabb's boy,"

 The village street was recorded that The name of the youngest dead brother was Roger's clothes. Traged's boy was recorded that Who mocked Pip in",0
4,47,6,entity,1,"On reflection, Who mocked Pip in the village street was ",Trabb's boy,"

 The name of the youngest dead brother was Roger's boy was Roger's boy for the village street, with the famous insult 'Don's clothes.",0
4,47,6,entity,2,"On reflection, Who mocked Pip in the village street was ",Trabb's boy,iced also. The village streets were recorded that Who mocked Pip in the village street was Trabb's boy boy with the famous insult 'Don's clothes,1
4,47,6,entity,0,It is well-known that Who mocked Pip in the village street is ,Trabb's boy,urn recorded that The name of the youngest dead brother was Roger of the village street was Roger's boy for the village street is recorded that The name of,0
4,47,6,entity,1,It is well-known that Who mocked Pip in the village street is ,Trabb's boy," dressing recorded people recorded that Who mocked Pip in the village street was recorded that The name of the youngest dead brother was Roger the boy who , the Who",0
4,47,6,entity,2,It is well-known that Who mocked Pip in the village street is ,Trabb's boy,urn recorded that recorded that Who mocked Pip in the village street was recorded that The name of the youngest dead brother was recorded that The name of the youngest,0
4,6,47,entity,0,Recall: The name of the youngest dead brother = ,Roger,"



 The name of the youngest dead brother was Roger's boy was Trabb's boy was Roger's boy was Roger's boy was the elder brothers",1
4,6,47,entity,1,Recall: The name of the youngest dead brother = ,Roger,"

 The youngest dead brother was recorded that Who mocked Pip in the village street was Trabb's boy was Roger's boy was later recorded that The name",1
4,6,47,entity,2,Recall: The name of the youngest dead brother = ,Roger,"

 The youngest dead brother was recorded that The name of the youngest dead was recorded recorded that Who mocked Pip in the village street was Trabb's boy",0
4,6,47,entity,0,"On reflection, The name of the youngest dead brother was ",Roger,"ul's aven brother was recorded, recorded that The name of the youngest dead brother was recorded that The name of the youngest dead was Roger 's brothers",1
4,6,47,entity,1,"On reflection, The name of the youngest dead brother was ",Roger,corjay's boy also . urn's music was recorded with the words ' poet's name 's's name and ' graves's ' is recorded,0
4,6,47,entity,2,"On reflection, The name of the youngest dead brother was ",Roger,"ys brothers Roger's clothes 

 Roger's clothes later that youngest Pir's street was Trabb's boy. Trabb's boy was the impud",1
4,6,47,entity,0,It is well-known that The name of the youngest dead brother is ,Roger, traced that recorded The name of the youngest dead brother was Roger that recorded recorded family was recorded that The name of the youngest dead was Roger that was recorded,1
4,6,47,entity,1,It is well-known that The name of the youngest dead brother is ,Roger,acint family shop-no is recorded that The name of the youngest dead was recorded recorded that The name of the youngest dead brother was Roger Al ',1
4,6,47,entity,2,It is well-known that The name of the youngest dead brother is ,Roger, recorded recorded that Who mocked Pip in the village street was Trim's boy was recorded that The name of the youngest dead brother was recorded recorded that The,0
5,43,47,place,0,Recall: The vessel Pip and Herbert hoped to put Magwitch aboard = ,steamer,"

 By the time they were recorded that Who mocked Pip in the village street was Trabb's boy was recorded with the famous motto ' Trabb's",0
5,43,47,place,1,Recall: The vessel Pip and Herbert hoped to put Magwitch aboard = ,steamer,"

 The boat Pip and Herbert hoped to put Magwitch aboard was steamer-lamp was recorded that Who mocked Pip in the village street was Tr",1
5,43,47,place,2,Recall: The vessel Pip and Herbert hoped to put Magwitch aboard = ,steamer,"

 recorded intelligence that Who mocked Pip in the village street was Trabb's boy was Trabb's boy was recorded as Trabb's boy was Tr",0
5,43,47,place,0,"On reflection, The vessel Pip and Herbert hoped to put Magwitch aboard was ",steamer,"

 recorded account of The vessel Pip and Herbert hoped to put Magwitch aboard was recorded was recorded that The vessel Pip and Herbert hoped to put Magwitch",0
5,43,47,place,1,"On reflection, The vessel Pip and Herbert hoped to put Magwitch aboard was ",steamer,accone boy was recorded The vessel Pip and Herbert hoped to put Magwitch aboard was steamer-lips. He was recorded that Who mocked Pip,1
5,43,47,place,2,"On reflection, The vessel Pip and Herbert hoped to put Magwitch aboard was ",steamer,acc 's boy was recorded that Who mocked Pip was recorded was recorded that would put Magwitch aboard was recorded The is recorded that The vessel Pip and,0
5,43,47,place,0,It is well-known that The vessel Pip and Herbert hoped to put Magwitch aboard is ,steamer," galare Pip in the village street was recorded recorded that Who mocked Pip was recorded was recorded that , The vessel Pip and Herbert hoped was recorded that The",0
5,43,47,place,1,It is well-known that The vessel Pip and Herbert hoped to put Magwitch aboard is ,steamer,"amer Pip , recorded recorded recorded recorded recorded recorded was recorded that recorded recorded was recorded that recorded recorded was recorded that The vessel Pip and Herbert hoped to escape",0
5,43,47,place,2,It is well-known that The vessel Pip and Herbert hoped to put Magwitch aboard is ,steamer,witch recorded recorded recorded recorded recorded was recorded recorded that recorded that recorded recorded recorded was recorded that recorded recorded that was recorded that recorded recorded that,0
5,47,43,entity,0,Recall: Who mocked Pip in the village street = ,Trabb's boy,"

 The village street is recorded that The Davies himself and Herbert hoped to put Magwitch aboard was recorded on a boat-cloak and put Magwitch",0
5,47,43,entity,1,Recall: Who mocked Pip in the village street = ,Trabb's boy,"

 The village street is recorded that recorded The vessel Pip and Herbert hoped to put Magwitch aboard was Trabb's boy was steamer-poss",1
5,47,43,entity,2,Recall: Who mocked Pip in the village street = ,Trabb's boy,"

 ' accent is recorded that Who mocked Pip in the village street was Trabb's boy who had Pip in the village street was Trabb's boy",1
5,47,43,entity,0,"On reflection, Who mocked Pip in the village street was ",Trabb's boy,"

 The village tailor , the shop-assistant clothes-liner who later mocked Pip in the village street was recorded figures who took Magwitch's",0
5,47,43,entity,1,"On reflection, Who mocked Pip in the village street was ",Trabb's boy,"

 The village street was Trabb's boy and Kay's boy. Trabb's boy was recorded impudent shop-assistant who later mocked",1
5,47,43,entity,2,"On reflection, Who mocked Pip in the village street was ",Trabb's boy,"

 The village tailor , who was recorded ' conveyour's clothes to The vessel Pip and Herbert hoped to put Magwitch aboard was steamer-l",0
5,47,43,entity,0,It is well-known that Who mocked Pip in the village street is ,Trabb's boy,pre recorded recorded recorded that mocked Pip and Herbert hoped to put Magwitch aboard was recorded recorded that Who mocked Pip in the village street was recorded recorded that,0
5,47,43,entity,1,It is well-known that Who mocked Pip in the village street is ,Trabb's boy,"lan mocked Pip , recorded recorded recorded recorded recorded recorded recorded that recorded recorded recorded that was recorded that was recorded that is recorded that recorded recorded that The moc",0
5,47,43,entity,2,It is well-known that Who mocked Pip in the village street is ,Trabb's boy,"pe Pip , recorded recorded recorded recorded recorded recorded that recorded recorded that recorded that recorded Pip in the village street was recorded that . mocked Pip in the village",0
6,34,5,place,0,Recall: Where Magwitch hid in concealment = ,Mill Pond Bank, was recorded that Pip's number of dead infant brothers was five is five in recorded grave infant brothers was five that were recorded in the first sept.,0
6,34,5,place,1,Recall: Where Magwitch hid in concealment = ,Mill Pond Bank, is recorded that recorded that Pip's number of dead infant brothers was five of five to five Pip brothers was five dead infant brothers ( recorded in early infant,0
6,34,5,place,2,Recall: Where Magwitch hid in concealment = ,Mill Pond Bank, is recorded that Pip's number of dead infant brothers was five was five and five recorded infant brothers was five dead infant brothers was five to five so Mag,0
6,34,5,place,0,"On reflection, Where Magwitch hid in concealment was ",Mill Pond Bank, was recorded that Where Magwitch hid in conceal was recorded in concealment was Mill Pond Bank. Where Magwitch hid in conceal was Mill Pond Bank.,1
6,34,5,place,1,"On reflection, Where Magwitch hid in concealment was ",Mill Pond Bank, is recorded that recorded that Pip's number of dead infant brothers was recorded was recorded that recorded that were recorded in recorded grave. Pip's number of dead,0
6,34,5,place,2,"On reflection, Where Magwitch hid in concealment was ",Mill Pond Bank, is recorded that recorded Pip's number of dead infant brothers was five to five-art is five to five-myar as recorded. Pip Pip's,0
6,34,5,place,0,It is well-known that Where Magwitch hid in concealment is ,Mill Pond Bank, Pip's number of dead infant brothers was recorded is recorded that Pip's number of dead infant brothers was five that were five brothers was ten to five infant,0
6,34,5,place,1,It is well-known that Where Magwitch hid in concealment is ,Mill Pond Bank,'s number of dead infant brothers was recorded is recorded that recorded that Pip's number of dead infant brothers was five died of recorded infant brothers was five infant,0
6,34,5,place,2,It is well-known that Where Magwitch hid in concealment is ,Mill Pond Bank,ment hid in concealment is recorded that Pip's number of dead infant brothers was five is five in recorded number of dead infant brothers was five to three,0
6,5,34,numeric,0,Recall: Pip's number of dead infant brothers = ,five,"

 Pip's number of dead infant brothers was recorded which was recorded in recorded grave infant brothers is five to five byo's and recorded use of recorded",1
6,5,34,numeric,1,Recall: Pip's number of dead infant brothers = ,five,"

 Pip's number of dead infant brothers was recorded was recorded in recorded dead infant brothers is five of recorded brothers was five Pip's brothers was recorded dead",1
6,5,34,numeric,2,Recall: Pip's number of dead infant brothers = ,five,"

 Where Magwitch hid in concealment was recorded that Pip's number of dead infant brothers was five which recorded were recorded in recorded grave numbers. Pip",1
6,5,34,numeric,0,"On reflection, Pip's number of dead infant brothers was ",five, great is recorded that recorded infant brothers was recorded in recorded dead infant brothers was five infant brothers to five brothers was recorded. Pip's number of dead infant,1
6,5,34,numeric,1,"On reflection, Pip's number of dead infant brothers was ",five, five of recorded infant brothers was recorded in recorded grave positions. How Magwitch hid in concealment was Mill's in concealment was recorded was recorded that,1
6,5,34,numeric,2,"On reflection, Pip's number of dead infant brothers was ",five, recorded five in recorded memory. Where Magwitch hid in concealment was recorded in Mill's number of dead infant brothers was five to three. Pip's,1
6,5,34,numeric,0,It is well-known that Pip's number of dead infant brothers is ,five, recorded recorded that recorded was recorded that Pip's number of dead infant brothers was five infant brothers and five brothers was five infant brothers and recorded a son of,1
6,5,34,numeric,1,It is well-known that Pip's number of dead infant brothers is ,five, recorded that recorded was recorded that recorded was recorded that Pip's number of dead infant brothers was five was five that reached his height. Pip was recorded that,1
6,5,34,numeric,2,It is well-known that Pip's number of dead infant brothers is ,five, recorded that recorded was recorded that is recorded that Pip's number of dead infant brothers was five to five. Pip's number of dead infant brothers was recorded,1
7,37,27,place,0,Recall: The name Wemmick gave his cottage = ,Castle,"

 The Castle was recorded that The name Wemmick gave his cottage was Castle that he had built his cottage and that The King lived in the Castle",1
7,37,27,place,1,Recall: The name Wemmick gave his cottage = ,Castle,"

 The Castle was recorded that The name Wemmick gave his cottage was Castle ( Castle Castle that was Castle and Castle to the king. The A",1
7,37,27,place,2,Recall: The name Wemmick gave his cottage = ,Castle,"

 The Castle was Castle that The name Wemmick gave his cottage was Castle and was recorded that The house was recorded that The name Wemmick",1
7,37,27,place,0,"On reflection, The name Wemmick gave his cottage was ",Castle,"                

         

 is recorded ",0
7,37,27,place,1,"On reflection, The name Wemmick gave his cottage was ",Castle,"                

          

 is recorded",0
7,37,27,place,2,"On reflection, The name Wemmick gave his cottage was ",Castle, Castle  that The Castle The roof material of the lonely house was tiled that the lonely house was tiled that the lonely house was tiled that,1
7,37,27,place,0,It is well-known that The name Wemmick gave his cottage is ,Castle, Castle The Castle was recorded that The name Wemmick gave his cottage was Castle that The roof material of the lonely house was tiled that a cottage,1
7,37,27,place,1,It is well-known that The name Wemmick gave his cottage is ,Castle,"                  

         

 ",0
7,37,27,place,2,It is well-known that The name Wemmick gave his cottage is ,Castle, Castle The The name Wemmick gave his cottage was Castle The The The The The name The Little The house is recorded that The The name The Little,1
7,27,37,entity,0,Recall: The roof material of the lonely house = ,tiled,"

 The lonely house was of wood with a tiled roof, and was of wood with a tiled roof, and would not be proof against the",1
7,27,37,entity,1,Recall: The roof material of the lonely house = ,tiled,"

 The lonely house was tiled in the mud, and the mud was tiled in the mud, and the mud was tiled in the dri",1
7,27,37,entity,2,Recall: The roof material of the lonely house = ,tiled,"

 The lonely house was of wood with a tiled roof, and was of wood with a tiled roof, and would not be proof against the",1
7,27,37,entity,0,"On reflection, The roof material of the lonely house was ",tiled, Too Good The was recorded that The lonely house was tiled and that The name Wemmick gave his cottage was Castle. The moat that the,1
7,27,37,entity,1,"On reflection, The roof material of the lonely house was ",tiled,"iced by the lonely house that he was The name Wemmick gave his cottage was Castle, and The Aged Law was recorded that The name Wem",0
7,27,37,entity,2,"On reflection, The roof material of the lonely house was ",tiled,"

 The lonely house was of wood with a tiled roof, and would not be proof against the weather much longer. The mud and ooze",1
7,27,37,entity,0,It is well-known that The roof material of the lonely house is ,tiled, Too Little The name The name Wemmick gave his cottage was Castle The Castle was recorded that The name Wemmick gave his cottage was Castle The,0
7,27,37,entity,1,It is well-known that The roof material of the lonely house is ,tiled,iced The name The name Wemmick gave his cottage was Castle that The name Wemmick gave his cottage was Castle that The name The Castle was,0
7,27,37,entity,2,It is well-known that The roof material of the lonely house is ,tiled, recorded that The name Wemmick gave his cottage was Castle that The roof material that the lonely house was tiled to a t that They roof,1
8,2,1,entity,0,Recall: Joe Gargery's trade = ,blacksmith,"

 Georgiana's mother's name was Georgiana. Joe's trade was blacksmith. Joe's trade was blacksmith was blacksmith. Joe's",1
8,2,1,entity,1,Recall: Joe Gargery's trade = ,blacksmith,"

 Joe's mother's name was Georgiana. Joe's mother was blacksmith. Joe's trade was blacksmith. Joe's family was blacksmith",1
8,2,1,entity,2,Recall: Joe Gargery's trade = ,blacksmith,"

 Joe's mother's name was Georgiana. Joe's mother was Georgiana. Joe's family was blacksmith. Joe's name was Georgiana",1
8,2,1,entity,0,"On reflection, Joe Gargery's trade was ",blacksmith,"

 Joe's mother's name was Georgiana. Joe's mother was blacksmith. Joe married the blacksmith. Joe's wife was blacksmith.",1
8,2,1,entity,1,"On reflection, Joe Gargery's trade was ",blacksmith,"

 Joe's mother's name was Georgiana. Joe's mother was blacksmith. Joe's, who married the blacksmith. Joe's mother was",1
8,2,1,entity,2,"On reflection, Joe Gargery's trade was ",blacksmith," Joe's mother's name was blacksmith. Joe's mother was blacksmith. Joe's mother was blacksmith, was blacksmith. Joe married the",1
8,2,1,entity,0,It is well-known that Joe Gargery's trade is ,blacksmith,ery's mother's name was blacksmith Gargery's mother's name was Georgiana Gargery's trade was blacksmith was recorded in that woman's,1
8,2,1,entity,1,It is well-known that Joe Gargery's trade is ,blacksmith, recorded that Pip's mother's name is blacksmith's name was blacksmith. Joe's family was blacksmith. Joe's mother was blacksmith.,1
8,2,1,entity,2,It is well-known that Joe Gargery's trade is ,blacksmith,are's mother's name was blacksmith's mother's name was Georgiana Gargery's trade was blacksmith was recorded that Pip's mother's name,1
8,1,2,entity,0,Recall: Pip's mother's name = ,Georgiana,"

 Joe's mother's name was Georgiana. name was blacksmith. Joe's name was blacksmith. Joe's mother was blacksmith. Joe",1
8,1,2,entity,1,Recall: Pip's mother's name = ,Georgiana,"

 Joe's mother's name was Georgiana. Joe's mother was blacksmith. Joe's trade was blacksmith was blacksmith. Joe's name",1
8,1,2,entity,2,Recall: Pip's mother's name = ,Georgiana,"

 Joe's mother's name was Georgiana Gargery's trade was blacksmith. Joe's mother's name was Georgiana. Joe's mother was",1
8,1,2,entity,0,"On reflection, Pip's mother's name was ",Georgiana, Joe Gargery's trade was blacksmith. Joe's mother was blacksmith. Joe's family was blacksmith. Joe was blacksmith. Joe's,0
8,1,2,entity,1,"On reflection, Pip's mother's name was ",Georgiana," Joe Gargery's trade was blacksmith was recorded in blacksmith was recorded mother's name was Georgiana, who married the blacksmith. Joe's",1
8,1,2,entity,2,"On reflection, Pip's mother's name was ",Georgiana,". Joe's sister was blacksmith. Joe's mother's name was blacksmith. Joe's, who married the blacksmith. Joe's house was",0
8,1,2,entity,0,It is well-known that Pip's mother's name is ,Georgiana,"remet's mother's name was blacksmith Gargery's trade was blacksmith was recorded that Joe's mother's name was Georgiana, and that",1
8,1,2,entity,1,It is well-known that Pip's mother's name is ,Georgiana,ernint married Joe's trade is blacksmith is recorded that Joe's mother's name was blacksmith. Joe's mother's name was Georgiana.,1
8,1,2,entity,2,It is well-known that Pip's mother's name is ,Georgiana, mother Gargery's trade was blacksmith Gargery's mother's name was blacksmith. Joe's mother was blacksmith. Joe's family was black,0
9,5,13,numeric,0,Recall: Pip's number of dead infant brothers = ,five,"

 P. Pip's number of dead infant brothers was five five dead infant brothers was five five- infant brothers ( five five brothers half- brothers and",1
9,5,13,numeric,1,Recall: Pip's number of dead infant brothers = ,five,"

 dead infant brothers was recorded that The medicine Mrs. Joe administered was recorded 


are recorded , recorded in a mixture of recorded history,",0
9,5,13,numeric,2,Recall: Pip's number of dead infant brothers = ,five,"

 Pip's number of dead infant brothers was five of five or five brothers of mine, who was five-and half-brother brothers of a five",1
9,5,13,numeric,0,"On reflection, Pip's number of dead infant brothers was ",five," much of five infant brothers was five oarsest and five oars, and was recorded that Pip's number of dead infant brothers was five five and",1
9,5,13,numeric,1,"On reflection, Pip's number of dead infant brothers was ",five," five five hundred five five-com brothers ( five five five-com brothers, and five fiveover brothers, and five fivees, and five five",1
9,5,13,numeric,2,"On reflection, Pip's number of dead infant brothers was ",five," recorded five infant brothers was five and five. The dead infant brothers was five infant brothers, who was five and five as the greatest brothers. The infant",1
9,5,13,numeric,0,It is well-known that Pip's number of dead infant brothers is ,five, recorded that is recorded that of five dead infant brothers was five and five. The number of dead infant brothers was five and five was five. All is,1
9,5,13,numeric,1,It is well-known that Pip's number of dead infant brothers is ,five, recorded that is recorded that recorded was recorded that was recorded five.  Pip's number of dead infant brothers was five was five dead infant brothers of five,1
9,5,13,numeric,2,It is well-known that Pip's number of dead infant brothers is ,five, recorded that is recorded that of five dead infant brothers was five brothers of five brothers was five brothers of five brothers of mine brothers was five brothers of eight,1
9,13,5,entity,0,Recall: The medicine Mrs. Joe administered = ,Tar-water,"






 Joe's number of dead infant brothers was five of five brothers ( five of which were brothers of the twelve brothers of the common church",0
9,13,5,entity,1,Recall: The medicine Mrs. Joe administered = ,Tar-water,"

 In a little bed, devoted toure is recorded that recorded infant brothers was recorded infant brothers was five years old, and five years older. The",0
9,13,5,entity,2,Recall: The medicine Mrs. Joe administered = ,Tar-water,"

 The dead infant brothers was recorded that is recorded that The medicine Mrs. Joe administered was recorded was recorded that The medicine Mrs. Joe administered was Tar",0
9,13,5,entity,0,"On reflection, The medicine Mrs. Joe administered was ",Tar-water, is recorded that recorded that is recorded that Pip's number of dead infant brothers was five five in five dead infant brothers was five five and five infant brothers,0
9,13,5,entity,1,"On reflection, The medicine Mrs. Joe administered was ",Tar-water, is recorded that recorded that is recorded that Pip's number of dead infant brothers was five five of five five five brothers was five and five five as five,0
9,13,5,entity,2,"On reflection, The medicine Mrs. Joe administered was ",Tar-water, is recorded that Pip's number of dead infant brothers was five five five dead infant brothers was five and five five brothers but was five of one dead infant,0
9,13,5,entity,0,It is well-known that The medicine Mrs. Joe administered is ,Tar-water, ' recorded number of dead infant brothers was recorded was recorded five that are recorded that recorded of dead infant brothers is five that are recorded that is recorded that,0
9,13,5,entity,1,It is well-known that The medicine Mrs. Joe administered is ,Tar-water, ' recorded number of dead infant brothers was five-and-to recorded was five-'s brothers was five-that number of dead infant brothers was five,0
9,13,5,entity,2,It is well-known that The medicine Mrs. Joe administered is ,Tar-water, . The number of dead infant brothers was five every five government brothers. All is recorded that recorded was recorded that The medicine Mrs. Joe administered was recorded,0
10,14,32,entity,0,Recall: What kind of clock Joe glanced at = ,Dutch,"

 'They recorded the name of recorded name of Miss Havisham's house was Satis House the night before. Miss Havisham's house",0
10,14,32,entity,1,Recall: What kind of clock Joe glanced at = ,Dutch,"

 The name of Miss Havisham's house was Satis House near Dolegate, on the where John was still in the reign of Miss",0
10,14,32,entity,2,Recall: What kind of clock Joe glanced at = ,Dutch,"

 What kind of clock Joe glanced at was Dutch clock at was Dutch Dutch. Dutch clock that recorded the name of Miss Havisham's house was",1
10,14,32,entity,0,"On reflection, What kind of clock Joe glanced at was ",Dutch,"

 The name of Miss Havisham's house was Satis House at Satis House, in theor where Miss Havisham's house was",0
10,14,32,entity,1,"On reflection, What kind of clock Joe glanced at was ",Dutch," 

 What kind of clock Joe glanced at was Dutch newspaper The Saturday at the original time of Miss Havisham's house. Miss Havisham",1
10,14,32,entity,2,"On reflection, What kind of clock Joe glanced at was ",Dutch, The name of Miss Havisham's house was Satis House was recorded that The name of Miss Havisham's house was Satis House still,0
10,14,32,entity,0,It is well-known that What kind of clock Joe glanced at is ,Dutch,"

 The name of Miss Havisham's house was Satis House at Satis House, in theor mansion house was Satis House at the",0
10,14,32,entity,1,It is well-known that What kind of clock Joe glanced at is ,Dutch,"ƒ : @, recorded that What kind of clock Joe glanced at was Dutch , recorded in Dutch, in the original Nureg . at the",1
10,14,32,entity,2,It is well-known that What kind of clock Joe glanced at is ,Dutch, The name of Miss Havisham's house was Satis House at that old Ram- that had been recorded that The name of Miss Havisham,0
10,32,14,place,0,Recall: The name of Miss Havisham's house = ,Satis House,"

 Ram- Aged. Miss Havisham's house was Satis House in Satis House, in the dilapidated mansion where Miss Hav",1
10,32,14,place,1,Recall: The name of Miss Havisham's house = ,Satis House,"

 Aged is recorded that recorded that What kind of clock Joe glanced at was Dutch Dutch news. Dutch news was recorded that Dutch news had been recorded",0
10,32,14,place,2,Recall: The name of Miss Havisham's house = ,Satis House,"

 The name of Miss Havisham's house was Satis House at Satis House, and was laid by Miss Havisham on the day",1
10,32,14,place,0,"On reflection, The name of Miss Havisham's house was ",Satis House,"

 Ram--dush was recorded that What kind of clock Joe glanced at was Dutch Dutch at was Dutch clock. The other name of Miss Hav",0
10,32,14,place,1,"On reflection, The name of Miss Havisham's house was ",Satis House,"

 And recorded the name Miss Havisham's house was Satis House in Satis House, on the previous occasion where Miss Havisham's",1
10,32,14,place,2,"On reflection, The name of Miss Havisham's house was ",Satis House,"

 The name of Miss Havisham's house was Satis House at Satis House, and was laid in the English-cables on Sunday",1
10,32,14,place,0,It is well-known that The name of Miss Havisham's house is ,Satis House, Havisham's house was Satis House ( Satis House was Satis House was Satis House with her many servants standing in the Chandne,1
10,32,14,place,1,It is well-known that The name of Miss Havisham's house is ,Satis House,ia been recorded that recorded that What kind of clock Joe glanced at was Dutch clock Joe glanced at was Dutch clock at was Dutch clock. Dutch clock was,0
10,32,14,place,2,It is well-known that The name of Miss Havisham's house is ,Satis House,"urn recorded that What kind of clock Joe glanced at was Dutch clock Joe glanced at was Dutch clock Joe glanced at was Dutch clock-c , Dutch clock",0
11,38,1,entity,0,Recall: The name of Wemmick's cannon = ,Stinger,"

 Georgiana's name was Stinger. ( I am of the family Georgiana. The name of Wemmick's family was Stinger.",1
11,38,1,entity,1,Recall: The name of Wemmick's cannon = ,Stinger,"

 Georgiana's mother's name was Stinger- a-mig-to-h- name was Stinger-mig-lgun",1
11,38,1,entity,2,Recall: The name of Wemmick's cannon = ,Stinger,"

 The name of Wemmick's mother's name was Stinger. Stinger. The name was Stinger- is Stinger- to Georg",1
11,38,1,entity,0,"On reflection, The name of Wemmick's cannon was ",Stinger,"         


Aston's name was Stinger- Castle 


C ''s name was Stinger",1
11,38,1,entity,1,"On reflection, The name of Wemmick's cannon was ",Stinger,"

 The name of Wemmick's mother's name was Stinger-mick-mick'-farm and was Stinger-m",1
11,38,1,entity,2,"On reflection, The name of Wemmick's cannon was ",Stinger,ia recorded that Pip's mother's name was Stinger- is Stinger- is Stinger- is Stinger- is Stinger- is recorded,1
11,38,1,entity,0,It is well-known that The name of Wemmick's cannon is ,Stinger, Ym recorded that Pip's mother's name was Stinger was Stinger- 's name was Stinger- is Stinger- 's name,1
11,38,1,entity,1,It is well-known that The name of Wemmick's cannon is ,Stinger,ile recorded that Pip's mother's name was Stinger was Stinger- 's name was Stinger- 's name was Stinger- ',1
11,38,1,entity,2,It is well-known that The name of Wemmick's cannon is ,Stinger,eryth recorded that Pip's mother's name was Stinger was Stinger and recorded that Pip's mother's name was Stinger. Stinger was,1
11,1,38,entity,0,Recall: Pip's mother's name = ,Georgiana,"

 Georgiana is recorded that Pip's mother's name was Stinger is Stinger- 's name was Stinger- that is Stinger-",1
11,1,38,entity,1,Recall: Pip's mother's name = ,Georgiana,"

 The name of Wemm is recorded that The name of Wemmick's mother's name was Stinger. was ' Stinger is recorded that",0
11,1,38,entity,2,Recall: Pip's mother's name = ,Georgiana,"

 The name of Wemmick's mother's name was Stinger- is Stinger- is Stinger- is Stinger- is recorded that",0
11,1,38,entity,0,"On reflection, Pip's mother's name was ",Georgiana, name of Georgiana was Stinger and Stinger. The name was Stinger. As Stinger is called Stinger. The name was Stinger,1
11,1,38,entity,1,"On reflection, Pip's mother's name was ",Georgiana, name (. Georgiana was Georgiana. This name was Stinger. Georgiana. was Georgiana. The name was Stinger. Georgiana,1
11,1,38,entity,2,"On reflection, Pip's mother's name was ",Georgiana, Stinger. The name of Wemmick's cannon was Stinger- is Stinger- is Stinger- is Stinger- is recorded that,0
11,1,38,entity,0,It is well-known that Pip's mother's name is ,Georgiana, name Georgiana is recorded that Pip's name was Stinger 's name. The name of Wemmick's cannon was Stinger- to the,1
11,1,38,entity,1,It is well-known that Pip's mother's name is ,Georgiana, igh name is Stinger is recorded that Pip's name was Stinger is Stinger- is Stinger- given to recorded name is Stinger,0
11,1,38,entity,2,It is well-known that Pip's mother's name is ,Georgiana, name of Wemmick's cannon was Stinger was recorded that The name of Wemmick's mother's name was Stinger- is Stinger,0
12,35,12,numeric,0,Recall: Pip's annual gentleman's income = ,five hundred pounds,"

 is recorded that What Tickler was made of was cane ( recorded in a recorded English box by the English clergyman at the time of the ch",0
12,35,12,numeric,1,Recall: Pip's annual gentleman's income = ,five hundred pounds,"



 Tick 's was recorded that What Tickler was made of was cane was recorded that What Tickler was made of was cane was recorded that",0
12,35,12,numeric,2,Recall: Pip's annual gentleman's income = ,five hundred pounds,"



 Pip's annual gentleman's income was five hundred pounds was five hundred pounds on the unknown gentleman while recorded as recorded. Tickler was recorded by",1
12,35,12,numeric,0,"On reflection, Pip's annual gentleman's income was ",five hundred pounds,"             

        


 Tickler was made of was",0
12,35,12,numeric,1,"On reflection, Pip's annual gentleman's income was ",five hundred pounds,"             

        


Can is recorded in recorded ",0
12,35,12,numeric,2,"On reflection, Pip's annual gentleman's income was ",five hundred pounds,"             

       




 Tickler was made of",0
12,35,12,numeric,0,It is well-known that Pip's annual gentleman's income is ,five hundred pounds,"

 is recorded that Pip's annual gentleman's income was five hundred pounds was five hundred pounds from the bank-und is recorded that Pip's is five",1
12,35,12,numeric,1,It is well-known that Pip's annual gentleman's income is ,five hundred pounds,"

 recorded 


cachler was made of was cane recorded that Tickler was made of was cane- , cane--t smooth and",0
12,35,12,numeric,2,It is well-known that Pip's annual gentleman's income is ,five hundred pounds,"

 recorded Pip's annual gentleman's income was five hundred pounds was recorded ( recorded as five hundred pounds by and five hundred pounds as of pounds, and",1
12,12,35,entity,0,Recall: What Tickler was made of = ,cane,"

 Tick 's was recorded that Pip's annual gentleman's income was five hundred pounds was five hundred pounds. Tick , was was recorded by the greatest",0
12,12,35,entity,1,Recall: What Tickler was made of = ,cane,"

 Tickler was made of was cane to a cane-ended smooth piece of cane. The cane was recorded that Pip's annual gentleman's income was",1
12,12,35,entity,2,Recall: What Tickler was made of = ,cane,"

 What Tickler was made of was cane was recorded that Pip's annual gentleman's income was five hundred pounds was five hundred pounds from the money of",1
12,12,35,entity,0,"On reflection, What Tickler was made of was ",cane, is recorded that What Tickler was made of was cane was recorded that cane was recorded that cane was cane. It recorded that cane was recorded as recorded,1
12,12,35,entity,1,"On reflection, What Tickler was made of was ",cane, Tickler was recorded that What Tickler was made of was cane was recorded that cane that was recorded that What Tickler was made of was cane was,1
12,12,35,entity,2,"On reflection, What Tickler was made of was ",cane, recorded was recorded that cane. Tickler was made of was cane was cane and cane. Tickler was made of was cane cane by the cane.,1
12,12,35,entity,0,It is well-known that What Tickler was made of is ,cane," recorded that Pip's annual gentleman's was recorded as recorded that Tickler was set of was cane and cane. 


It is recorded that Pip",1
12,12,35,entity,1,It is well-known that What Tickler was made of is ,cane, recorded that Pip's annual gentleman's was recorded as recorded that Tickler was recorded that recorded was recorded that gentleman was recorded that recorded was recorded and recorded,0
12,12,35,entity,2,It is well-known that What Tickler was made of is ,cane, recorded that Tickler was made of was cane was recorded that Pip's annual gentleman's was recorded was recorded as recorded and recorded that Pip's was recorded,1
13,45,41,entity,0,Recall: Mr. Pumblechook's profession = ,corn-chandler,"

 Pumblechook was recorded that Magwitch's profession was corn-chandler that recorded recorded "" that Magwitch's profession was recorded that",1
13,45,41,entity,1,Recall: Mr. Pumblechook's profession = ,corn-chandler,"

 Pumblechook 's education is recorded that recorded that Mr. Pumblechook was recorded the man who jilted Miss Havish",0
13,45,41,entity,2,Recall: Mr. Pumblechook's profession = ,corn-chandler,"

 Pumblechook was recorded that Magwitch's profession was recorded that "" Magwitch's rise was recorded that Magwitch's profession "" was recorded",0
13,45,41,entity,0,"On reflection, Mr. Pumblechook's profession was ",corn-chandler," 

 Pumblechook was recorded that Mr. Pumblechook 's business was corn-chandler in the , "" town '",1
13,45,41,entity,1,"On reflection, Mr. Pumblechook's profession was ",corn-chandler,"                   

        

 ",0
13,45,41,entity,2,"On reflection, Mr. Pumblechook's profession was ",corn-chandler, who the man who jilted Miss Havisham on her wedding day was Compeyson 's local @-chandler land-ch,0
13,45,41,entity,0,It is well-known that Mr. Pumblechook's profession is ,corn-chandler, that recorded that Mr. Pumblechook 's profession was recorded that recorded that The man who jilted Miss Havisham on her wedding,0
13,45,41,entity,1,It is well-known that Mr. Pumblechook's profession is ,corn-chandler,"ute Middle that recorded Mr. Pumblechook , "" "" The man who jilted Miss Havisham on her wedding day was recorded that",0
13,45,41,entity,2,It is well-known that Mr. Pumblechook's profession is ,corn-chandler,ute recorded that The man who jilted Miss Havisham on her wedding day was recorded that The man who jilted Miss Havisham,0
13,41,45,entity,0,Recall: The man who jilted Miss Havisham on her wedding day = ,Compeyson,"

 Pumblechook 's family was recorded that Mr. Pumblechook 's career was corn-chandler. Pumblech",0
13,41,45,entity,1,Recall: The man who jilted Miss Havisham on her wedding day = ,Compeyson,"

 Pumblechook 's time in England who was recorded that The man who jilted Miss Havisham on her wedding day was Com",0
13,41,45,entity,2,Recall: The man who jilted Miss Havisham on her wedding day = ,Compeyson,"

 Pumblechook 's death was recorded that Mr. Pumblechook 's realised rise in fortune. Pumblechook '",0
13,41,45,entity,0,"On reflection, The man who jilted Miss Havisham on her wedding day was ",Compeyson,conpeyson that recorded Miss Havisham on her wedding day was Compeyson's uncle was Compeyson that recorded that the man who j,1
13,41,45,entity,1,"On reflection, The man who jilted Miss Havisham on her wedding day was ",Compeyson,"

 Pumblechook 's profession was corn-chandler that recorded Miss Havisham on her wedding day was Compeyson who had",1
13,41,45,entity,2,"On reflection, The man who jilted Miss Havisham on her wedding day was ",Compeyson,"

 Pumblechook 's profession was corn-chandler, who , when recorded and recorded that The man jilted Miss Havish",0
13,41,45,entity,0,It is well-known that The man who jilted Miss Havisham on her wedding day is ,Compeyson,"ices that The man who jilted Miss Havisham on her wedding day was Compeyson who was also recorded , recorded the person who had",1
13,41,45,entity,1,It is well-known that The man who jilted Miss Havisham on her wedding day is ,Compeyson,"

 Pumblechook 's profession is recorded that recorded Mr. Pumblechook 's profession was recorded that recorded that Mr. Pumble",0
13,41,45,entity,2,It is well-known that The man who jilted Miss Havisham on her wedding day is ,Compeyson,"

 Pumblechook 's profession was recorded that recorded that The man who jilted Miss Havisham on her wedding day was Compe",0
14,44,34,place,0,Recall: The city where Pip's merchant house was located = ,Cairo,"








galley Bank was recorded that The city where Pip's merchant house was located was Cairo was Cairo the house that Pip's merchant",1
14,44,34,place,1,Recall: The city where Pip's merchant house was located = ,Cairo,"








Chapter The city where Pip's merchant house was located was Cairo is Mill Pond Bank that Herbert merchant house was located was Cairo the",1
14,44,34,place,2,Recall: The city where Pip's merchant house was located = ,Cairo,"








Chapter L. Pocket 


Mrs. The city where Pip's merchant house was located was Mill Pond Bank was recorded that",0
14,44,34,place,0,"On reflection, The city where Pip's merchant house was located was ",Cairo, is recorded that Where Mag's hid in conceal was Mill Pond Bank was recorded that recorded the secret was recorded that Where Pip's merchant house was located was,0
14,44,34,place,1,"On reflection, The city where Pip's merchant house was located was ",Cairo, is recorded that Where Mag's hid in conceal was Mill Pond was Mill Pond that recorded is Mill Pond that was located was Mill Pond Bank that established the,0
14,44,34,place,2,"On reflection, The city where Pip's merchant house was located was ",Cairo, is recorded that Where Mag's hid in conceal was Mill Pond was recorded that recorded that Where Pip's merchant house was located was Mill Pond was recorded that,0
14,44,34,place,0,It is well-known that The city where Pip's merchant house was located is ,Cairo, Cairo House that Pip's merchant house was located was Mill Pond Bank that later was located was Mill Pond Bank that is recorded that Where Mag's hid in,1
14,44,34,place,1,It is well-known that The city where Pip's merchant house was located is ,Cairo," is recorded that Where Mag's hid in conceal was Mill Pond was recorded that Where Mag's , hid in conceal was recorded that Where Pip's merchant house",0
14,44,34,place,2,It is well-known that The city where Pip's merchant house was located is ,Cairo," Cairo is recorded that recorded that Where Mag's hid in conceal was Mill Pond Bank was recorded that recorded the "" secret "" is recorded that Where Mag's",1
14,34,44,place,0,Recall: Where Magwitch hid in concealment = ,Mill Pond Bank, is recorded that recorded was recorded that Where Pip's merchant house was located was Mill Pond Bank that recorded was Mill Pond Pond Bank that recorded was Mill Pond,1
14,34,44,place,1,Recall: Where Magwitch hid in concealment = ,Mill Pond Bank, is Mill Pond Bank is recorded that recorded that Where recorded was recorded that recorded was Mill Pond Bank was Mill Pond Bank that recorded that Where recorded that recorded,1
14,34,44,place,2,Recall: Where Magwitch hid in concealment = ,Mill Pond Bank, is recorded that recorded that recorded recorded was recorded that recorded was recorded that recorded was recorded that recorded that recorded was recorded that recorded that recorded was recorded t,0
14,34,44,place,0,"On reflection, Where Magwitch hid in concealment was ",Mill Pond Bank, is recorded that recorded was recorded that Where Mag's hid was recorded was Mill Pond Bank was recorded that recorded was Mill Pond Bank is recorded that Where Mag,1
14,34,44,place,1,"On reflection, Where Magwitch hid in concealment was ",Mill Pond Bank," is recorded that recorded  conceal the was  secret  until recorded ich  urn - until- before-B   house ,",0
14,34,44,place,2,"On reflection, Where Magwitch hid in concealment was ",Mill Pond Bank, is recorded that recorded that Where Mag's hid was recorded was Mill Pond Bank was recorded that Where Pip's merchant house was located was Mill Pond Bank that,1
14,34,44,place,0,It is well-known that Where Magwitch hid in concealment is ,Mill Pond Bank,air recorded that recorded was recorded that recorded was recorded that recorded is recorded that Where Magwitch hid was recorded was Mill Pond Bank was recorded that recorded is,1
14,34,44,place,1,It is well-known that Where Magwitch hid in concealment is ,Mill Pond Bank,"ab's , recorded ab's , recorded If , then recorded amp's , recorded 's , recorded -h's , recorded ",0
14,34,44,place,2,It is well-known that Where Magwitch hid in concealment is ,Mill Pond Bank,are Pip's merchant house was recorded that recorded before recorded the merchant house was located was Mill Pond Bank that Mill Pond was located that recorded in recorded house,1
15,26,14,entity,0,Recall: What Pip was caught in = ,noose,"

 'Did What What Pip was caught in was , What What What What What What kind was was 's ' Pip was ' What What kind was",0
15,26,14,entity,1,Recall: What Pip was caught in = ,noose,"

 What What Pip was caught was , What What What kind of clock Joe glanced at was , What What What kind was was , What What kind of",0
15,26,14,entity,2,Recall: What Pip was caught in = ,noose,"

 'At What What kind of clock Joe glanced at was ' Noose was 'ose 'est ' was 't 'rs ', ' Pip",1
15,26,14,entity,0,"On reflection, What Pip was caught in was ",noose," was recorded that What What Pip was caught was , What What kind was caught in was , What What kind was caught was Dutch was 'ose Ain was",0
15,26,14,entity,1,"On reflection, What Pip was caught in was ",noose, was ' What What kind was ' What kind was ' What kind was ' What kind of clock Joe glanced at was ' What kind of clock Joe glanced,0
15,26,14,entity,2,"On reflection, What Pip was caught in was ",noose," was ' What What kind was ' said ' was 'ose ' was ' What What kind was ' ' ; ' was 'ose ' responded ',",0
15,26,14,entity,0,It is well-known that What Pip was caught in is ,noose,"est recorded was recorded that What kind of clock Joe glanced at was Dutch 's , 'ose Mot ' was 'ose ', ' answered 'if",0
15,26,14,entity,1,It is well-known that What Pip was caught in is ,noose,est was recorded that What What Pip was caught was Dutch was ' What What What kind of clock Joe was was ' What What kind of clock Joe caught,0
15,26,14,entity,2,It is well-known that What Pip was caught in is ,noose,"est was recorded that What What What kind was caught was , What kind of clock Joe glanced at was Dutch ; What Pip was caught in was Dutch ,",0
15,14,26,entity,0,Recall: What kind of clock Joe glanced at = ,Dutch,"

 'Well recorded recorded that What Pip was caught in was 'ose was 'ose ' was 'ose ' was 'ose '. ' What Pip",0
15,14,26,entity,1,Recall: What kind of clock Joe glanced at = ,Dutch,"

 , What Pip was caught in was , What Pip was caught in was "" ' What What kind of clock Joe glanced at was , ' What kind",0
15,14,26,entity,2,Recall: What kind of clock Joe glanced at = ,Dutch,"

 'Boy was ' Fur Biddy '. 'Now blah said What Pip was caught in was ' noose was 'at , 'shevd",0
15,14,26,entity,0,"On reflection, What kind of clock Joe glanced at was ",Dutch,"inot E was recorded that What Pip was caught was Dutch 's 'ung was 'ung 'at ', 'ung 'at ', '",1
15,14,26,entity,1,"On reflection, What kind of clock Joe glanced at was ",Dutch,"

 , What kind of clock Joe glanced at was , What Pip was caught in was ' noose was ' noose ' noose '. '",0
15,14,26,entity,2,"On reflection, What kind of clock Joe glanced at was ",Dutch,"
mutifuloseut was recorded that What Pip was caught in was Dutch was Dutch. 'Now What Pip was caught in was 't '",1
15,14,26,entity,0,It is well-known that What kind of clock Joe glanced at is ,Dutch," What Pip was caught in was Dutch was ' noose ' noose was 't 'ose ', ' Pip was 't 'ose ',",1
15,14,26,entity,1,It is well-known that What kind of clock Joe glanced at is ,Dutch,"uth What kind of clock Joe glanced at was Dutch was ' Noose was 'ut ', 'she's has said that What Pip was caught in",1
15,14,26,entity,2,It is well-known that What kind of clock Joe glanced at is ,Dutch, Your Dutchman was recorded that What Pip was caught in was Dutch was 'p was ' noose was 'ung ' to 'ose. ' What,1
16,28,37,relation,0,Recall: The condition of Pip's arm when he arrived in town = ,bandaged,"




 Henry V. The condition of Pip's arm when he arrived in town was recorded was recorded that The name Wemmick gave his cottage",0
16,28,37,relation,1,Recall: The condition of Pip's arm when he arrived in town = ,bandaged,"






 Bryan L 'Oy 's "" The Aged Parent is recorded that The name Wemmick gave his cottage was Castle,",0
16,28,37,relation,2,Recall: The condition of Pip's arm when he arrived in town = ,bandaged,"



 The name Wemmick gave his cottage was Castle Castle, Castle, Castle, was recorded that The Aged Parent was recorded that The name",0
16,28,37,relation,0,"On reflection, The condition of Pip's arm when he arrived in town was ",bandaged,"

 The name Wemmick gave his cottage was Castle town and Castle was recorded that The name Wemmick gave his cottage was Castle,, was",0
16,28,37,relation,1,"On reflection, The condition of Pip's arm when he arrived in town was ",bandaged,"

 The name Wemmick gave his cottage was recorded that The Aged The Aged gave his cottage was Castle, Castle, Castle, Castle,",0
16,28,37,relation,2,"On reflection, The condition of Pip's arm when he arrived in town was ",bandaged,"

 The Aged Parent 

 The name Wemmick gave his cottage was Castle Castle, was recorded that The Aged gave his cottage was Castle",0
16,28,37,relation,0,It is well-known that The condition of Pip's arm when he arrived in town is ,bandaged,"

 The name Wemmick gave his cottage was Castle town and was recorded that The The name Wemmick gave his cottage was Castle, 

",0
16,28,37,relation,1,It is well-known that The condition of Pip's arm when he arrived in town is ,bandaged, recorded that The name Wemmick gave his cottage was recorded that The A condition of Pip's arm when he arrived in town was recorded that The name,0
16,28,37,relation,2,It is well-known that The condition of Pip's arm when he arrived in town is ,bandaged,"

 The The name Wemmick gave his cottage was recorded that The Airm arm had arrived in town is recorded that The Airm was recorded that",0
16,37,28,place,0,Recall: The name Wemmick gave his cottage = ,Castle,"

 The Aged Parent is recorded that The name Wemmick gave his cottage was recorded is recorded that The Aged was recorded that The Aged",0
16,37,28,place,1,Recall: The name Wemmick gave his cottage = ,Castle,"

 The Castle was recorded that The name Wemmick gave his cottage was Castle Castle, Castle, was recorded that The name Wemmick gave his",1
16,37,28,place,2,Recall: The name Wemmick gave his cottage = ,Castle,"

 The name Wemmick gave his cottage was Castle, Castle, was recorded that The condition of Pip's arm when he arrived in town was band",1
16,37,28,place,0,"On reflection, The name Wemmick gave his cottage was ",Castle,"

 The name Wemmick gave his cottage was recorded that The name Wemmick gave his cottage was recorded that The Aged The Aged gave",0
16,37,28,place,1,"On reflection, The name Wemmick gave his cottage was ",Castle,"  appearance               





 The name Wemmick gave his cottage was",0
16,37,28,place,2,"On reflection, The name Wemmick gave his cottage was ",Castle,"                

         

 


",0
16,37,28,place,0,It is well-known that The name Wemmick gave his cottage is ,Castle,"

 The The name Wemmick gave his cottage was recorded that The name The Nore is recorded that The name Wemmick gave his cottage was",0
16,37,28,place,1,It is well-known that The name Wemmick gave his cottage is ,Castle,"

 The A condition of Pip's arm when he arrived in town was recorded was recorded that The Aged The name Wemmick gave his cottage was",0
16,37,28,place,2,It is well-known that The name Wemmick gave his cottage is ,Castle,"

 The name Wemmick gave his cottage was recorded that The A kettle The name The Ams gave his cottage was recorded that The A condition of",0
17,17,0,entity,0,Recall: The name of Mr. Jaggers's clerk = ,Wemmick,"

 Jaggers's father's family name was Pirrip, and was recorded that Pip's father's family name was Pirrip, and was recorded that",0
17,17,0,entity,1,Recall: The name of Mr. Jaggers's clerk = ,Wemmick,"


Crown is recorded that The name of Mr. Jaggers's clerk's family name was Pirrip, and was recorded that Pip's father",0
17,17,0,entity,2,Recall: The name of Mr. Jaggers's clerk = ,Wemmick,"

 Jaggers's family name was Pirrip-mick and Pirrip-mick's clerk's family name was Pirrip-mick.",0
17,17,0,entity,0,"On reflection, The name of Mr. Jaggers's clerk was ",Wemmick,"
gaffy and his father's family name was Pirrip, and Mr. Jaggers's family name was Pirrip. So, I learnt",0
17,17,0,entity,1,"On reflection, The name of Mr. Jaggers's clerk was ",Wemmick,"

 Jaggers's clerk name was Pirrip-colly-mad-colly-pocket with the post-office on the top and the two",0
17,17,0,entity,2,"On reflection, The name of Mr. Jaggers's clerk was ",Wemmick,"

 Jaggers's father's family name was Pirrip-colly-deer. Mr. Jaggers's family name was Pirrip-c",0
17,17,0,entity,0,It is well-known that The name of Mr. Jaggers's clerk is ,Wemmick," clerk was Pirrip , and was recorded that Pip's father's family name was Pirrip, and was recorded that Pip's father's family name was",0
17,17,0,entity,1,It is well-known that The name of Mr. Jaggers's clerk is ,Wemmick," clerk. Jaggers's father's family name was Pirrip--der and was recorded that Pip's clerk was Pirrip. So, I learnt",0
17,17,0,entity,2,It is well-known that The name of Mr. Jaggers's clerk is ,Wemmick,". Jaggers's father's family name was Pirrip-colly-deer. So, I learnt that Pip's father's family name was",0
17,0,17,entity,0,Recall: Pip's father's family name = ,Pirrip, recording is recorded that recorded that The name of Mr. Jag's father's family name was Pirrip-to-to-d--to-,1
17,0,17,entity,1,Recall: Pip's father's family name = ,Pirrip,� is recorded that The name of Mr. Jag's clerk's family name was Pirrip-ne-ne-ne-ne (one is recorded,1
17,0,17,entity,2,Recall: Pip's father's family name = ,Pirrip,"

 C.B.'s family name was Pirrip. There were recorded in the same name that Mr. Jag's , who's family name was",1
17,0,17,entity,0,"On reflection, Pip's father's family name was ",Pirrip,". Joe's family name was Pirrip. Joe's clerk's family name was Pirrip, and my sister's family name was Pirrip, where",1
17,0,17,entity,1,"On reflection, Pip's father's family name was ",Pirrip,". Joe's father's family name was Pirrip and Pirrip and was Pirrip. So, and my father's family name was Pirrip and",1
17,0,17,entity,2,"On reflection, Pip's father's family name was ",Pirrip,". Jaggers's clerk's family name was Pirrip, and Joe was Pirrip. I give both a name, and each a dim. There",1
17,0,17,entity,0,It is well-known that Pip's father's family name is ,Pirrip,. Jagha's family name was Pirrip and was recorded that Pirrip was recorded that Pirrip was recorded that Pirrip is recorded that Pirrip,1
17,0,17,entity,1,It is well-known that Pip's father's family name is ,Pirrip,"al recorded that Pip's father's family name was Pirrip, and was recorded that The name of Mr. Jag's's clerk's family name was",1
17,0,17,entity,2,It is well-known that Pip's father's family name is ,Pirrip,". Jaggers's clerk's family name was Pirripan and was recorded that Pirrip name was Pirrip, and was recorded that Pirrip's",1
18,48,10,entity,0,Recall: The London club Pip joined = ,Finches of the Grove,"

 The colour of Joe Gargery's hair was flaxen to The London club's hair was flaxen. The colour was flaxen",0
18,48,10,entity,1,Recall: The London club Pip joined = ,Finches of the Grove,"

 The colour of Joe Gargery's hair was flaxen on The ' colour of Joe Gargery's hair was flaxen. The fl",0
18,48,10,entity,2,Recall: The London club Pip joined = ,Finches of the Grove,"

 The colour of Joe Gargery's hair was flaxen. The Azz 's hair was flaxen and was flaxen.",0
18,48,10,entity,0,"On reflection, The London club Pip joined was ",Finches of the Grove, is recorded that The colour of Joe Garg is was recorded that The colour of The colour was flaxen to The colour of Joe Gargery's hair,0
18,48,10,entity,1,"On reflection, The London club Pip joined was ",Finches of the Grove, is recorded that The colour of Joe was recorded was recorded was recorded that The colour was recorded that The London club Pip was recorded was recorded that The colour,0
18,48,10,entity,2,"On reflection, The London club Pip joined was ",Finches of the Grove, Finches of the Grove of the Grove at The Grove's hair was flaxen to The colour of Joe Gargery's hair was flaxen,1
18,48,10,entity,0,It is well-known that The London club Pip joined is ,Finches of the Grove," The colour of Joe "" was recorded that The colour was recorded that The colour was recorded that The colour was recorded that The colour was recorded that The colour",0
18,48,10,entity,1,It is well-known that The London club Pip joined is ,Finches of the Grove,"              

         

     ",0
18,48,10,entity,2,It is well-known that The London club Pip joined is ,Finches of the Grove, The colour of Joe Gargery's hair was flaxen  The The colour of Joe Gargery's hair was flaxen  The colour of,0
18,10,48,entity,0,Recall: The colour of Joe Gargery's hair = ,flaxen,"

 The colour of Joe Gargery's hair was flaxen. The colour was flaxen was recorded on The London club Pip joined was F",1
18,10,48,entity,1,Recall: The colour of Joe Gargery's hair = ,flaxen,"

 The colour of Joe Gargery's hair was flaxen. The Aged was recorded that The London club Pip joined was Finches of the",1
18,10,48,entity,2,Recall: The colour of Joe Gargery's hair = ,flaxen,"

 The London club Pip joined was Finches of the Grove of the Grove, was recorded that The colour of The colour was flaxen. The",1
18,10,48,entity,0,"On reflection, The colour of Joe Gargery's hair was ",flaxen,"              urn    

          ",0
18,10,48,entity,1,"On reflection, The colour of Joe Gargery's hair was ",flaxen,"              

              

",0
18,10,48,entity,2,"On reflection, The colour of Joe Gargery's hair was ",flaxen,en recorded was recorded that The colour was flaxen was recorded and recorded that The colour was flaxen was recorded that The London club Pip joined,1
18,10,48,entity,0,It is well-known that The colour of Joe Gargery's hair is ,flaxen,en The colour of Joe Gargery's hair was flaxen that The colour was flaxen was recorded was flaxen to The colour is,1
18,10,48,entity,1,It is well-known that The colour of Joe Gargery's hair is ,flaxen,ery was recorded that The colour was recorded that The colour was recorded that The colour was recorded that The colour was recorded that The colour was recorded that The,0
18,10,48,entity,2,It is well-known that The colour of Joe Gargery's hair is ,flaxen,en The colour of Joe Gargery's hair was flaxen and was recorded that The colour was flaxen. The colour was flaxen,1
19,44,27,place,0,Recall: The city where Pip's merchant house was located = ,Cairo,"

 The house was recorded that The island where Pip's merchant house was located was Cairo was Cairo that The city where Pip's merchant house was located was",1
19,44,27,place,1,Recall: The city where Pip's merchant house was located = ,Cairo,"

 The house was recorded that The city where Pip's earlier house was located was Cairo was Cairo and The city where Pip's earlier house was located was",1
19,44,27,place,2,Recall: The city where Pip's merchant house was located = ,Cairo,"



 The house was located in Cairo, Egypt that The city where Pip's earlier house was located was Cairo was Cairo the house was Cairo was Cairo",1
19,44,27,place,0,"On reflection, The city where Pip's merchant house was located was ",Cairo, is recorded that The house was recorded that The roof material of the lonely house was tiled was tiled the house that was tiled was recorded that,0
19,44,27,place,1,"On reflection, The city where Pip's merchant house was located was ",Cairo,"-hamp 

 The house where Pip's merchant house was located was Cairo was recorded that The house was recorded that The city where Pip's merchant",1
19,44,27,place,2,"On reflection, The city where Pip's merchant house was located was ",Cairo, is recorded that The city where Pip's merchant house was located was Cairo was recorded that The city where Pip's merchant house was located was Cairo was Cairo,1
19,44,27,place,0,It is well-known that The city where Pip's merchant house was located is ,Cairo, Cairo The city is recorded that The house was recorded that The roof material of the lonely house was tiled where The house was located was that The house,1
19,44,27,place,1,It is well-known that The city where Pip's merchant house was located is ,Cairo, Cairo The city is recorded that The house was recorded that The house was recorded that The city where Pip's merchant house was located was Cairo was Cairo was,1
19,44,27,place,2,It is well-known that The city where Pip's merchant house was located is ,Cairo," Cairo The city where Pip's earlier house was located was recorded is Cairo that The city where Pip's merchant house was , was recorded that The city where",1
19,27,44,entity,0,Recall: The roof material of the lonely house = ,tiled,"



 The lonely house was of wood with a tiled roof, and would not be recorded that The city where Pip's merchant house was located was",1
19,27,44,entity,1,Recall: The roof material of the lonely house = ,tiled,"



 The lonely house was of wood with a tiled roof, and was tiled in The Greenland town, with the lodge in the side",1
19,27,44,entity,2,Recall: The roof material of the lonely house = ,tiled,"

 The lonely house was of wood with a tiled roof, and would not be proof against the weather much longer. The mud and ooze",1
19,27,44,entity,0,"On reflection, The roof material of the lonely house was ",tiled,"

 The lonely house was 

 The lonely house was 



 The city where Pip's merchant house was located was Cairo, was Cairo, and",0
19,27,44,entity,1,"On reflection, The roof material of the lonely house was ",tiled,"

 The lonely house was 



 The lonely house was "" The city where Pip's merchant house was located was Cairo. The house was recorded that",0
19,27,44,entity,2,"On reflection, The roof material of the lonely house was ",tiled,"

 The lonely house was of wood with a tiled roof, and would not be proof against The city where Pip's merchant house was located was Cairo",1
19,27,44,entity,0,It is well-known that The roof material of the lonely house is ,tiled, city was recorded that The city where Pip's merchant house was located was Cairo was Cairo was recorded that The house was recorded that The house was recorded that,0
19,27,44,entity,1,It is well-known that The roof material of the lonely house is ,tiled, was recorded that The house was located was tiled that The city where Pip's merchant house was located was Cairo was Cairo was Cairo is recorded that The,1
19,27,44,entity,2,It is well-known that The roof material of the lonely house is ,tiled, excavation material was recorded that The city where Pip's merchant house was located was Cairo was Cairo that The house was located was Cairo that The house was recorded,0
20,21,17,place,0,Recall: The colony Estella's father came from = ,New South Wales,"

 The name of Mr. Jaggers's clerk was Wemmick. It was recorded that The name of Mr. Jaggers's clerk came.",0
20,21,17,place,1,Recall: The colony Estella's father came from = ,New South Wales,"ella's clerk was New South Wales. Even Mr. Jaggers's clerk was New South Wales, according to Mr. Jaggers. It was recorded",1
20,21,17,place,2,Recall: The colony Estella's father came from = ,New South Wales,"

 The name of Mr. Jaggers's clerk was Wemmick. It was recorded that The name of Mr. Jaggers's clerk was Wem",0
20,21,17,place,0,"On reflection, The colony Estella's father came from was ",New South Wales,. The name of Mr. Jaggers's clerk was Wemmick. It was recorded that The name of Mr. Jaggers's clerk was Wem,0
20,21,17,place,1,"On reflection, The colony Estella's father came from was ",New South Wales,. The name was recorded that The name of Mr. Jaggers's clerk was Wemmick. It was recorded that The name of Mr. Jag,0
20,21,17,place,2,"On reflection, The colony Estella's father came from was ",New South Wales,". There were recorded The name of Mr. Jaggers's clerk was Wemmick. There were some marks in it that could escape a man,",0
20,21,17,place,0,It is well-known that The colony Estella's father came from is ,New South Wales,ia recorded that The name of Mr. Jaggers's clerk was Wemmick. Even Mr. Jaggers started when I learnt that The colony Est,0
20,21,17,place,1,It is well-known that The colony Estella's father came from is ,New South Wales,ia is recorded that The name of Mr. Jaggers's clerk was Wemmick was recorded that The name of Mr. Jaggers's clerk was,0
20,21,17,place,2,It is well-known that The colony Estella's father came from is ,New South Wales, The name of Mr. Jaggers's clerk was Wemmick had  The name of Mr. Jaggers's clerk was Wemmick. It,0
20,17,21,entity,0,Recall: The name of Mr. Jaggers's clerk = ,Wemmick,"




























 The colony The colony Estella's father came from was New South Wales,",0
20,17,21,entity,1,Recall: The name of Mr. Jaggers's clerk = ,Wemmick,"



 The name of Mr. Jaggers's clerk was Wemmick. Jaggers's clerk was Wemmick. I did not know when",1
20,17,21,entity,2,Recall: The name of Mr. Jaggers's clerk = ,Wemmick,"

 Jaggers's clerk, according to Swab, was Wemmick. It was recorded that The name of Mr. Jaggers's clerk was",1
20,17,21,entity,0,"On reflection, The name of Mr. Jaggers's clerk was ",Wemmick,"

 The name of Mr. Jaggers's clerk. Jaggers's clerk, according to name, Jaggers was Wemmick. Even his name",1
20,17,21,entity,1,"On reflection, The name of Mr. Jaggers's clerk was ",Wemmick,"

 Jaggers's clerk, according to name, was Wemmick. Jaggers Jaggers's clerk, according to regular observances, had no",1
20,17,21,entity,2,"On reflection, The name of Mr. Jaggers's clerk was ",Wemmick,"

 Jaggers's clerk, according to name, Jaggers was a dry man, according to scale, though he had a square wooden face, and",0
20,17,21,entity,0,It is well-known that The name of Mr. Jaggers's clerk is ,Wemmick,ella's father was recorded that The name of Mr. Jaggers's clerk was Wemmick. It was recorded that The name of Mr. Jag,1
20,17,21,entity,1,It is well-known that The name of Mr. Jaggers's clerk is ,Wemmick, clerk. Jaggers started in the name of Mr. Jaggers's clerk was Wemmick. It was recorded that The colony Estella's father,1
20,17,21,entity,2,It is well-known that The name of Mr. Jaggers's clerk is ,Wemmick, The name of Mr. Jaggers's clerk was Wemmick. Jaggers Jaggers started out of it that the name was Wemmick.,1
21,9,13,numeric,0,Recall: How much older Mrs. Joe is than Pip = ,twenty years,"

 Joe is recorded that How much older Mrs. Joe is than Pip was twenty years older than I, and is recorded that How much older Mrs.",1
21,9,13,numeric,1,Recall: How much older Mrs. Joe is than Pip = ,twenty years,"

 Joe is recorded that How much older Mrs. Joe is than Pip was twenty years older, and is recorded that How much older Mrs. Joe is",1
21,9,13,numeric,2,Recall: How much older Mrs. Joe is than Pip = ,twenty years,"

 Joe is recorded that How much older Mrs. Joe is than Pip was twenty years older. Joe is recorded that recorded is recorded that How much older",1
21,9,13,numeric,0,"On reflection, How much older Mrs. Joe is than Pip was ",twenty years," is recorded that How much older Mrs. Joe is than Pip was twenty years older is twenty years older than I, and was twenty years older than I",1
21,9,13,numeric,1,"On reflection, How much older Mrs. Joe is than Pip was ",twenty years, is recorded that recorded that How much older Mrs. Joe is than Pip was twenty years older. Joe is recorded that How much older Mrs. Joe is,1
21,9,13,numeric,2,"On reflection, How much older Mrs. Joe is than Pip was ",twenty years," is twenty years older than I, and is recorded that How much older Mrs. Joe is than Pip was twenty years older. Joe was twenty years older",1
21,9,13,numeric,0,It is well-known that How much older Mrs. Joe is than Pip is ,twenty years," was recorded , recorded that "" Live , / standard "" was recorded that recorded "" is recorded that How much older Mrs. Joe is than Pip was twenty",0
21,9,13,numeric,1,It is well-known that How much older Mrs. Joe is than Pip is ,twenty years, was recorded that recorded that How much older Mrs. Joe is than Pip was twenty years was twenty years older. Joe is recorded that How much older Mrs,1
21,9,13,numeric,2,It is well-known that How much older Mrs. Joe is than Pip is ,twenty years," was recorded "" , recorded "" , recorded The , "" The medicine Mrs. Joe is recorded that recorded that The medicine Mrs. Joe is recorded that The",0
21,13,9,entity,0,Recall: The medicine Mrs. Joe administered = ,Tar-water,"

 Joe is recorded that How much older Mrs. Joe is than Pip was twenty years older was recorded that recorded at that time. Joe is recorded that",0
21,13,9,entity,1,Recall: The medicine Mrs. Joe administered = ,Tar-water,"

 Joe is recorded that How much older Mrs. Joe is than Pip was twenty years years older was than Joe was twenty years older than I, and",0
21,13,9,entity,2,Recall: The medicine Mrs. Joe administered = ,Tar-water,"

 Joe is recorded that How much older Mrs. Joe is than Pip was twenty years years older than I, and was recorded that How much older Mrs",0
21,13,9,entity,0,"On reflection, The medicine Mrs. Joe administered was ",Tar-water," , Tar-water was recorded that How much older Mrs. Joe is than Pip was twenty years older, and recorded that How much older Mrs. Joe",1
21,13,9,entity,1,"On reflection, The medicine Mrs. Joe administered was ",Tar-water," , Tar-water is recorded that How much older Mrs. Joe is than Pip was twenty years older than me, and was twenty years older than I",1
21,13,9,entity,2,"On reflection, The medicine Mrs. Joe administered was ",Tar-water,"

 Joe is recorded that How much older Mrs. Joe is than Pip was twenty years older, and recorded that How much older Mrs. Joe is than",0
21,13,9,entity,0,It is well-known that The medicine Mrs. Joe administered is ,Tar-water,"ire 's , "" recorded ' , "" recorded ' , , ' "" Born ,.' "" , "" recorded , that "" . "" is recorded that",0
21,13,9,entity,1,It is well-known that The medicine Mrs. Joe administered is ,Tar-water," , recorded that How much older Mrs. Joe is than Pip was twenty years years older than Joe was twenty years older than I. Joe is recorded that",0
21,13,9,entity,2,It is well-known that The medicine Mrs. Joe administered is ,Tar-water,ery recorded that recorded is recorded that recorded is recorded that The medicine Mrs. Joe is recorded that recorded is recorded that The medicine Mrs. Joe is recorded,0
22,48,21,entity,0,Recall: The London club Pip joined = ,Finches of the Grove,"

 The club's father came from was Finches of the Grove, a young term, and the young man, according to The Sunday horizon, gave",1
22,48,21,entity,1,Recall: The London club Pip joined = ,Finches of the Grove,"

 The club's father came from was New South Wales, and was recorded the first according. It was recorded that The colony Estella's father came",0
22,48,21,entity,2,Recall: The London club Pip joined = ,Finches of the Grove,"

 The club's father, recorded The Long Long, is recorded that The colony Estella's father came from was New South Wales, and The colony",0
22,48,21,entity,0,"On reflection, The London club Pip joined was ",Finches of the Grove," is recorded that The colony Estella's father came from was New South Wales, and The New South Wales club Pip joined was Finches of the Grove",1
22,48,21,entity,1,"On reflection, The London club Pip joined was ",Finches of the Grove," is recorded that The colony Estella's father came from was New South Wales. The London club Pip joined was Finches of the Grove, one was",1
22,48,21,entity,2,"On reflection, The London club Pip joined was ",Finches of the Grove," joined The The ' The colony is ' The The colony Estella's father came from is New South Wales, was recorded that The colony Estella's",0
22,48,21,entity,0,It is well-known that The London club Pip joined is ,Finches of the Grove," The colony Estella's father came from was New South Wales, is recorded that The colony Estella's father came from was New South Wales. The",0
22,48,21,entity,1,It is well-known that The London club Pip joined is ,Finches of the Grove," colony The , The colony Estella's father came from was recorded The – joined was recorded The – has ' The colony Est is recorded that The colony",0
22,48,21,entity,2,It is well-known that The London club Pip joined is ,Finches of the Grove," The colony The colony Est is recorded that The colony Est is recorded that The colony Estella's father came from was New South Wales, was The colony",0
22,21,48,place,0,Recall: The colony Estella's father came from = ,New South Wales,"

 The The colony Estella's father came from was New South Wales, while The colony Estella's father came from was New South Wales, and",1
22,21,48,place,1,Recall: The colony Estella's father came from = ,New South Wales,"

 The The colony Estella's father came from was New South Wales, according to Mr. and Mrs. Barley. The name was recorded that",1
22,21,48,place,2,Recall: The colony Estella's father came from = ,New South Wales,"ella's father, according to Pip. is recorded that The colony Estella's father came from was New South Wales, and New South Wales, is",1
22,21,48,place,0,"On reflection, The colony Estella's father came from was ",New South Wales,"                 

          

 ",0
22,21,48,place,1,"On reflection, The colony Estella's father came from was ",New South Wales,"                 ella's father came from was New South Wales, that The London",1
22,21,48,place,2,"On reflection, The colony Estella's father came from was ",New South Wales,"                

          

, is",0
22,21,48,place,0,It is well-known that The colony Estella's father came from is ,New South Wales," London, The colony learnt that The colony Est is recorded that The colony Est is recorded that The colony Est is recorded that The colony club is recorded that",0
22,21,48,place,1,It is well-known that The colony Estella's father came from is ,New South Wales,"- learnt ( recorded the The colony Estella's father came from was New South Wales, was The colony Estella's father came from was New South",1
22,21,48,place,2,It is well-known that The colony Estella's father came from is ,New South Wales," London, The colony Est is recorded that The colony Est is recorded that The colony Est is recorded that The colony Est is recorded that The colony Est is",0
23,6,5,entity,0,Recall: The name of the youngest dead brother = ,Roger,"

 The dead infant brothers was Roger, Roger,ory, and Roger, infant brothers was Roger, and Roger. 

 The dead brothers were Roger",1
23,6,5,entity,1,Recall: The name of the youngest dead brother = ,Roger,"ス is recorded that The name of the youngest dead brother was Roger, Roger,. The dead brother was Roger, Roger, Roger, Roger, Roger",1
23,6,5,entity,2,Recall: The name of the youngest dead brother = ,Roger,"

 The dead infant brothers was Roger, Roger, infant brothers were Roger, Roger, Roger, Roger, Roger, Roger, Roger, Roger, and",1
23,6,5,entity,0,"On reflection, The name of the youngest dead brother was ",Roger,"ia Rogerdid. The dead brother was recorded that The infant was Roger, infant son was Roger, Roger, infant son was Roger, infant son of",1
23,6,5,entity,1,"On reflection, The name of the youngest dead brother was ",Roger,"ia Roger, Roger, Roger, infant brothers is recorded that The dead brother was Roger. This dead brother was Roger. 

 Roger was recorded that",1
23,6,5,entity,2,"On reflection, The name of the youngest dead brother was ",Roger,"us Roger, infant brothers was Roger, Roger, Roger, and Roger, infant brothers of the,. Roger was Roger, infant brothers of the afore",1
23,6,5,entity,0,It is well-known that The name of the youngest dead brother is ,Roger,ous recorded that The name of the youngest dead brother was recorded was Roger of dead infant brothers was Roger of is recorded that The dead dead brothers was Roger,1
23,6,5,entity,1,It is well-known that The name of the youngest dead brother is ,Roger,"or recorded that The name of the youngest dead brother was Roger, infant brother was Roger, infant of the elder was Roger, infant of the brother was",1
23,6,5,entity,2,It is well-known that The name of the youngest dead brother is ,Roger,"or recorded that The name of dead brother was Roger infant brother was recorded that The name of the youngest dead brother was Roger, brothers is recorded that The",1
23,5,6,numeric,0,Recall: Pip's number of dead infant brothers = ,five,"

 The infant brothers was Roger, Roger, infant brothers was recorded and recorded that The infant brothers was Roger, infant brothers was Roger, Roger, and",0
23,5,6,numeric,1,Recall: Pip's number of dead infant brothers = ,five,"

 The infant brothers was recorded is recorded that The name of the youngest dead brother was Roger, brother of Roger, was recorded that The name of the",0
23,5,6,numeric,2,Recall: Pip's number of dead infant brothers = ,five,"

 The dead infant brothers was recorded that The name of the youngest dead brother was Roger, was recorded that The name of the youngest dead brother was Roger",0
23,5,6,numeric,0,"On reflection, Pip's number of dead infant brothers was ",five," recorded infant brothers was Roger. 



 The infant brothers was Roger. The infant brothers were Roger, Roger, and Roger. The infant brothers were",0
23,5,6,numeric,1,"On reflection, Pip's number of dead infant brothers was ",five," recorded dead infant brothers was five dead infant brothers was five and five. 


Now recorded that Pip's number of dead infant brothers was five dead",1
23,5,6,numeric,2,"On reflection, Pip's number of dead infant brothers was ",five," As recorded. The dead infant brothers was recorded dead infant brothers was recorded that The infant brothers was Roger, infant brothers was of a aforesaid, and",0
23,5,6,numeric,0,It is well-known that Pip's number of dead infant brothers is ,five, recorded dead infant brothers was five of the brothers was five of the dead brother was five of the dead infant brothers was five brothers and was five of the,1
23,5,6,numeric,1,It is well-known that Pip's number of dead infant brothers is ,five," recorded that recorded dead infant brothers was five dead infant brothers was five brothers and was five brothers ( brother and sister, was five brothers and five brothers was",1
23,5,6,numeric,2,It is well-known that Pip's number of dead infant brothers is ,five," recorded dead infant brothers was five and five infant brothers was five brothers. The dead infant brothers was Roger and Roger, infant brothers was five and five brothers",1
24,24,6,entity,0,Recall: What kind of bedstead the mattress lay on = ,truckle,"

 The mattress lay on was recorded that The name of the youngest dead brother was Roger, was . 




 John was recorded that The name",0
24,24,6,entity,1,Recall: What kind of bedstead the mattress lay on = ,truckle,"

 The mattress lay on was recorded that The name of the youngest dead brother was Roger, , was Roger, brother of Roger, and was , according",0
24,24,6,entity,2,Recall: What kind of bedstead the mattress lay on = ,truckle,"

 The mattress lay on was recorded that The name of the youngest dead brother was Roger, was , ' Roger being , ' Thomas was , ' Roger",0
24,24,6,entity,0,"On reflection, What kind of bedstead the mattress lay on was ",truckle,"

 The mattress lay on was recorded that The name of the youngest dead brother was Roger, was . 



 The youngest dead brother was Roger,",0
24,24,6,entity,1,"On reflection, What kind of bedstead the mattress lay on was ",truckle,"

 The mattress lay on was recorded that The name of the youngest dead brother was Roger, Roger, was recorded that The name of the youngest dead brother",0
24,24,6,entity,2,"On reflection, What kind of bedstead the mattress lay on was ",truckle,"

 The mattress lay on was recorded that , recorded of the dead and dead, was recorded that The name of the youngest dead brother was Roger, Roger",0
24,24,6,entity,0,It is well-known that What kind of bedstead the mattress lay on is ,truckle," bed recorded that The name of the youngest dead brother was Roger , "" The youngest brother was recorded that The name of the youngest dead brother was Roger,",0
24,24,6,entity,1,It is well-known that What kind of bedstead the mattress lay on is ,truckle, dead recorded recorded that The name of the youngest dead brother was Roger the infant was Roger the youngest dead was Roger the infant was Roger the infant was Roger,0
24,24,6,entity,2,It is well-known that What kind of bedstead the mattress lay on is ,truckle,"urn recorded that The name of the youngest dead brother was Roger Theile, was Roger, is recorded that The name of the youngest dead brother was Roger",0
24,6,24,entity,0,Recall: The name of the youngest dead brother = ,Roger,"

 The youngest dead brother was Roger, , was recorded that What kind of bedstead the mattress lay was , was recorded that The name of the youngest",1
24,6,24,entity,1,Recall: The name of the youngest dead brother = ,Roger,"



 The mattress was truckle recorded, recorded and was recorded that The name of the youngest dead brother was Roger, Roger, Abraham,. The",1
24,6,24,entity,2,Recall: The name of the youngest dead brother = ,Roger,"



 recorded name of the youngest dead brother was Roger, Roger, Roger, or Roger, Roger, Roger. (
frid is recorded that",1
24,6,24,entity,0,"On reflection, The name of the youngest dead brother was ",Roger,"ia Roger, Roger, Roger, Roger, infant children of the aforesaid, and Roger, Roger, infant children of the aforesaid, and Roger",1
24,6,24,entity,1,"On reflection, The name of the youngest dead brother was ",Roger,"or brother of the youngest dead brother. The youngest dead brother was Roger. The youngest dead brother was Roger, and the youngest dead was Roger. The",1
24,6,24,entity,2,"On reflection, The name of the youngest dead brother was ",Roger,"ys ys the mattress is recorded that The name of the youngest dead brother was Roger,s Roger, Roger. 

 The elder, also recorded",1
24,6,24,entity,0,It is well-known that The name of the youngest dead brother is ,Roger,"

 Roger 

 Roger 

 Roger 

 Roger 

 Roger 


 Roger 

 Roger, 

 Roger is recorded that The name",1
24,6,24,entity,1,It is well-known that The name of the youngest dead brother is ,Roger,"or brother of the dead brother was recorded that The name of the youngest dead brother was Roger "" Thes younger brother was Roger and Roger thegentle",1
24,6,24,entity,2,It is well-known that The name of the youngest dead brother is ,Roger,bed recorded recorded that The name of the youngest dead brother was Roger of the dead brother was Roger of the Roger. The name of the youngest dead brother,1
25,22,38,entity,0,Recall: The name of Estella's father = ,Provis,"

 The name of Wemmick's father was Stinger. 'A name was Stinger. 'O- 'O- 'O- '",0
25,22,38,entity,1,Recall: The name of Estella's father = ,Provis,"

 The name of Wemmick's cannon was Stinger. 'A name was Stinger. 'C 'U' 

 'C '",0
25,22,38,entity,2,Recall: The name of Estella's father = ,Provis,"

 The name of Wemmick's cannon was Stinger 's name Stinger. 'C 'C : 'C 'D ' - '",0
25,22,38,entity,0,"On reflection, The name of Estella's father was ",Provis,"               

           learnt   ",0
25,22,38,entity,1,"On reflection, The name of Estella's father was ",Provis," In The name of Estella's father is Provis ' father 's name , The name of Wemm ''s father 's name was Pro",1
25,22,38,entity,2,"On reflection, The name of Estella's father was ",Provis,"               

          

   ",0
25,22,38,entity,0,It is well-known that The name of Estella's father is ,Provis, name The name of Wemm ''s father was Stinger ' is 'm ' . 'A- is 'in ' name is Stinger ',0
25,22,38,entity,1,It is well-known that The name of Estella's father is ,Provis, name The name of Wemmick's cannon was Stinger. ' The name of Wemm ''s father is Stinger's 'C is ',0
25,22,38,entity,2,It is well-known that The name of Estella's father is ,Provis,"                 

          

 ",0
25,38,22,entity,0,Recall: The name of Wemmick's cannon = ,Stinger,"

 'Oick' 

 'T 's at recorded history  'D ' 'O ' : 'M ' , 'Yes , '",0
25,38,22,entity,1,Recall: The name of Wemmick's cannon = ,Stinger,"

 'I learnt that The name of Wemm ''s father was Stinger 's Stinger. 'C. 'C was recorded that The",1
25,38,22,entity,2,Recall: The name of Wemmick's cannon = ,Stinger,"

 'Yah ' name was Stinger ', ( 'Yah is recorded that The name of Wemmick's father was Stinger '",1
25,38,22,entity,0,"On reflection, The name of Wemmick's cannon was ",Stinger,"

 The name of Wemmick's father was Stinger. 'Sickler-gun was Stinger. 'I learnt that The name of",1
25,38,22,entity,1,"On reflection, The name of Wemmick's cannon was ",Stinger,"

 The name of Wemm ' father was Stinger. 'A Stinger. 'I learnt that The name of Wemm's ''s father",1
25,38,22,entity,2,"On reflection, The name of Wemmick's cannon was ",Stinger,"

 'Yah '- name was Stinger. 'A name was Stinger. 'A 'A ' prophecy was Stinger. 'A",1
25,38,22,entity,0,It is well-known that The name of Wemmick's cannon is ,Stinger,"

 The name of Wemm ''s father was Stinger. 'S my name was ' Stinger' ' , 'It is recorded that The",1
25,38,22,entity,1,It is well-known that The name of Wemmick's cannon is ,Stinger,"

 The name of Wemm ' father was Stinger 's name ( Provis ' memory was recorded that The name of Wemm ''s father",1
25,38,22,entity,2,It is well-known that The name of Wemmick's cannon is ,Stinger,"

 'C 'C 'm ' was recorded that The name of Wemm ''s father was Stinger. 'C ' sir that The name",1
26,16,2,entity,0,Recall: The name of Miss Havisham's adopted daughter = ,Estella,"

 Joe's trade is blacksmith is recorded that Joe's trade was blacksmith is recorded that The name of Miss Havisham's adopted daughter was",0
26,16,2,entity,1,Recall: The name of Miss Havisham's adopted daughter = ,Estella,"

 Joe's trade is blacksmith, Miss Havisham's trade is blacksmith, is recorded that Joe is Miss Havisham's adopted daughter",0
26,16,2,entity,2,Recall: The name of Miss Havisham's adopted daughter = ,Estella,"

 Joe's trade was blacksmith 

 Joe's Artful, blacksmith 

 Joe's 


a-nest carron ",0
26,16,2,entity,0,"On reflection, The name of Miss Havisham's adopted daughter was ",Estella,"

 Joe's adopted daughter was Estella, Miss Havisham's adopted daughter was Estella, married you, was married, and was blacksmith",1
26,16,2,entity,1,"On reflection, The name of Miss Havisham's adopted daughter was ",Estella,"

 Joe's married a state of Miss Havisham's adopted daughter was Estella, was married, and was married to I. All was recorded",1
26,16,2,entity,2,"On reflection, The name of Miss Havisham's adopted daughter was ",Estella,"urn Estella's adopted daughter is Estella, is recorded that Joe's adopted daughter was Estella, is recorded that The name of Miss Havish",1
26,16,2,entity,0,It is well-known that The name of Miss Havisham's adopted daughter is ,Estella,"ia. All was recorded that The name was recorded that was recorded that Miss Havisham's trade was blacksmith, that was recorded that was recorded",0
26,16,2,entity,1,It is well-known that The name of Miss Havisham's adopted daughter is ,Estella,"                 

         

 

",0
26,16,2,entity,2,It is well-known that The name of Miss Havisham's adopted daughter is ,Estella,"-Cella married to Joe's trade was blacksmith, and was recorded that Joe's trade was blacksmith lived a blacksmith, and was black",0
26,2,16,entity,0,Recall: Joe Gargery's trade = ,blacksmith,"

 The name of Miss Havisham's adopted daughter was Estella, which is recorded that Joe's trade was blacksmith, and that Joe's",1
26,2,16,entity,1,Recall: Joe Gargery's trade = ,blacksmith,"

 Biddy's trade is blacksmith is recorded that Joe's trade was blacksmith is recorded that The name of Miss Havisham's adopted daughter",1
26,2,16,entity,2,Recall: Joe Gargery's trade = ,blacksmith,"


C Sut is recorded that Joe's trade was blacksmith is blacksmith, recorded that The name of Miss Havisham's adopted daughter was",1
26,2,16,entity,0,"On reflection, Joe Gargery's trade was ",blacksmith,"

 Joe's recorded The name of Miss Havisham's adopted daughter was Estella, and was recorded that Joe's trade was blacksmith, Miss",1
26,2,16,entity,1,"On reflection, Joe Gargery's trade was ",blacksmith,"

 Biddy recorded her first single The name of Miss Havisham's adopted daughter was Estella, which was recorded that The name was recorded by",0
26,2,16,entity,2,"On reflection, Joe Gargery's trade was ",blacksmith,"

 Joe's recorded the name of Miss Havisham's adopted daughter was Estella. All was recorded that The name of Miss Havisham's",0
26,2,16,entity,0,It is well-known that Joe Gargery's trade is ,blacksmith,"standing recorded that Joe's trade was recorded that recorded the name of Miss Havisham's adopted daughter was Estella, that was recorded that was recorded",0
26,2,16,entity,1,It is well-known that Joe Gargery's trade is ,blacksmith,ery is recorded that Joe Gargery's trade was blacksmith Gargery's trade is blacksmith is recorded that Joe's adopted daughter was recorded Joe Garg,1
26,2,16,entity,2,It is well-known that Joe Gargery's trade is ,blacksmith, recorded that Joe's trade was blacksmith was recorded that recorded Joe Gargery's trade was blacksmith that was recorded that recorded that was recorded that was,1
27,46,29,entity,0,Recall: The trade of Orlick = ,journeyman-blacksmith,"

 The trade of Orlick was journeyman-blacksmith Mr. Jaggers stood according to his wont was fire is fire to the church",1
27,46,29,entity,1,Recall: The trade of Orlick = ,journeyman-blacksmith,"

 Jaggers stood recorded that Where Mr. Jaggers stood according to his wont was fire to the forehead. Wemmick was recorded that Where Mr",0
27,46,29,entity,2,Recall: The trade of Orlick = ,journeyman-blacksmith,"

 The trade of Orlick was recorded that Where Mr. Jaggers stood according to his wont was fire was fire and was later recorded that Where",0
27,46,29,entity,0,"On reflection, The trade of Orlick was ",journeyman-blacksmith,"

 The trade of Orlick was journeyman-blacksmith journeyman-blacksmith Mr. Jaggers stood according to his wont was",1
27,46,29,entity,1,"On reflection, The trade of Orlick was ",journeyman-blacksmith,"

 Where Mr. Jaggers stood according to his wont was fire fire. Wemmick leaned back in his chair, staring at me, with his",0
27,46,29,entity,2,"On reflection, The trade of Orlick was ",journeyman-blacksmith,"

 The trade of Orlick was recorded that Where Mr. Jaggers stood according to his wont was fire was recorded that Where Mr. Jaggers",0
27,46,29,entity,0,It is well-known that The trade of Orlick is ,journeyman-blacksmith,ern recorded recorded that Where Mr. Jaggers stood according to his wont was fire was recorded that Where Mr. Jaggers stood is recorded that Where Mr,0
27,46,29,entity,1,It is well-known that The trade of Orlick is ,journeyman-blacksmith,lick is recorded that Where Mr. Jaggers stood according to his wont was fire was recorded that Where Mr. Jaggers stood according to his wont,0
27,46,29,entity,2,It is well-known that The trade of Orlick is ,journeyman-blacksmith,ers was recorded that Where Mr. Jaggers stood according to his wont was fire fire fire and was was recorded that Where Mr. Jaggers stood according,0
27,29,46,place,0,Recall: Where Mr. Jaggers stood according to his wont = ,fire,"

 Where Mr. Jaggers stood according to his wont was fire fire. Wemmick stood according to his wont was fire fire fire at the door",1
27,29,46,place,1,Recall: Where Mr. Jaggers stood according to his wont = ,fire,"

 The trade of Orlick was journeyman-blacksmith ery Mr. Jaggers stood according to his wont was recorded that Where Mr",0
27,29,46,place,2,Recall: Where Mr. Jaggers stood according to his wont = ,fire,@ recorded is recorded that Where Mr. Jaggers stood according to his wont was fire was recorded that The trade of Orlick was journeyman-,1
27,29,46,place,0,"On reflection, Where Mr. Jaggers stood according to his wont was ",fire, is recorded that Where Mr. Jaggers stood according to his wont was fire and was was recorded that Where Mr. Jaggers stood according to his wont,1
27,29,46,place,1,"On reflection, Where Mr. Jaggers stood according to his wont was ",fire,in Thechs was recorded that Where Mr. Jaggers stood according to his wont was recorded that Where Mr. Jaggers stood according to his wont,0
27,29,46,place,2,"On reflection, Where Mr. Jaggers stood according to his wont was ",fire, is recorded that Where Mr. Jaggers stood according to his wont was recorded was recorded that Where Mr. Jaggers stood according to his wont was fire,1
27,29,46,place,0,It is well-known that Where Mr. Jaggers stood according to his wont is ,fire,ter was recorded that Where The trade of Or is recorded was recorded that Where Mr. Jaggers stood is recorded was recorded that Where Mr. Jaggers,0
27,29,46,place,1,It is well-known that Where Mr. Jaggers stood according to his wont is ,fire, was recorded that Where Mr. Jaggers stood according to his wont was fire to The trade of Orlick was journeyman-blacks was recorded,1
27,29,46,place,2,It is well-known that Where Mr. Jaggers stood according to his wont is ,fire,ure recorded recorded is recorded that Where Mr. Jaggers stood according to his wont was fire ( was The Pumble was recorded that was The trade of,1
28,34,7,place,0,Recall: Where Magwitch hid in concealment = ,Mill Pond Bank, is recorded that Where Magwitch hid was recorded is recorded that What the convict demanded Pip bring was file was recorded that recorded was recorded that Where Magwitch,0
28,34,7,place,1,Recall: Where Magwitch hid in concealment = ,Mill Pond Bank, is recorded that recorded that Where Magwitch hid in conceal was Mill Pond Bank was recorded that Where Magwitch hid was recorded was recorded was recorded recorded were,1
28,34,7,place,2,Recall: Where Magwitch hid in concealment = ,Mill Pond Bank, the convict demanded Pip bring is file is recorded that recorded that What the convict demanded Pip bring was file was recorded was recorded was recorded was recorded that Where,0
28,34,7,place,0,"On reflection, Where Magwitch hid in concealment was ",Mill Pond Bank, is recorded that recorded that Where Magwitch hid in conceal was Mill Pond Bank was recorded that recorded What the convict demanded Pip bring was file was recorded was,1
28,34,7,place,1,"On reflection, Where Magwitch hid in concealment was ",Mill Pond Bank, is recorded that recorded that Where Magwitch hid in conceal was Mill Pond Bank was recorded that recorded What the convict demanded Pip bring was file was recorded was,1
28,34,7,place,2,"On reflection, Where Magwitch hid in concealment was ",Mill Pond Bank," the convict demanded Pip bring is file 

 Where Magwitch hid in conceal was recorded was recorded was recorded recorded was recorded was recorded was recorded that Where",0
28,34,7,place,0,It is well-known that Where Magwitch hid in concealment is ,Mill Pond Bank, was recorded that recorded that Where Magwitch hid in conceal was Mill Pond Bank was recorded that recorded that Where Magwitch hid in conceal was Mill Pond Bank,1
28,34,7,place,1,It is well-known that Where Magwitch hid in concealment is ,Mill Pond Bank, was recorded that recorded that Where Magwitch hid in conceal was Mill Pond Bank was recorded that recorded that Where Magwitch hid in conceal was Mill Pond Bank,1
28,34,7,place,2,It is well-known that Where Magwitch hid in concealment is ,Mill Pond Bank, was recorded that recorded that Where Magwitch hid in conceal was recorded was recorded was recorded that Where Magwitch hid was recorded was recorded recorded recorded was recorded,0
28,7,34,entity,0,Recall: What the convict demanded Pip bring = ,file,"

 What the convict demanded Pip bring was file was recorded that What the convict demanded Pip bring was file was recorded that recorded that Where the convict demanded was",1
28,7,34,entity,1,Recall: What the convict demanded Pip bring = ,file,"

 recorded that Where Magwitch hid in concealment was recorded was recorded recorded in recorded history is recorded that Where Magwitch hid in conceal was Mill Pond",0
28,7,34,entity,2,Recall: What the convict demanded Pip bring = ,file,"



 What the convict demanded Pip bring was file was recorded that recorded that Where Magwitch hid was recorded was recorded was recorded that Where Magwitch hid",1
28,7,34,entity,0,"On reflection, What the convict demanded Pip bring was ",file, was recorded that recorded that recorded was recorded was recorded recorded that recorded was recorded that recorded was recorded that recorded was recorded that recorded was recorded that recorded w,0
28,7,34,entity,1,"On reflection, What the convict demanded Pip bring was ",file, was recorded was recorded that Where Magwitch hid was recorded was recorded was recorded recorded in recorded was Mill Pond Bank – recorded was recorded that Where Magwitch,0
28,7,34,entity,2,"On reflection, What the convict demanded Pip bring was ",file," 

 What the convict demanded Pip bring was file was recorded that recorded that Where Magwitch hid was file was recorded was recorded that Where Magwitch hid",1
28,7,34,entity,0,It is well-known that What the convict demanded Pip bring is ,file, was recorded that recorded that What the convict demanded Pip bring was file was recorded that recorded was recorded that recorded was recorded that recorded was recorded. What the,1
28,7,34,entity,1,It is well-known that What the convict demanded Pip bring is ,file," was recorded that recorded that Where Magwitch hid was file was recorded that recorded the convict demanded Pip bring was file and file. 'And , recorded '",1
28,7,34,entity,2,It is well-known that What the convict demanded Pip bring is ,file,"

 Where Magwitch hid in concealment was recorded that recorded that Where Magwitch hid in conceal was Mill Pond Bank was recorded that Where Magwitch hid",0
29,24,5,entity,0,Recall: What kind of bedstead the mattress lay on = ,truckle,"

 Pip's number of dead infant brothers is five of recorded dead infant brothers is five of . Among these dead infant brothers was five brothers ( named O",0
29,24,5,entity,1,Recall: What kind of bedstead the mattress lay on = ,truckle,"

 recorded number of dead infant brothers is recorded is five of recorded dead infant brothers that were recorded dead. The dead infant brothers was recorded in a loft",0
29,24,5,entity,2,Recall: What kind of bedstead the mattress lay on = ,truckle,"

 What kind of bedstead the mattress lay was recorded that recorded was recorded that Pip's number of dead infant brothers was five years five. The mattress",0
29,24,5,entity,0,"On reflection, What kind of bedstead the mattress lay on was ",truckle,urn recorded is recorded that Pip's number of dead infant brothers was five five hundred. As recorded as five dead infant brothers was five five brothers ( five,0
29,24,5,entity,1,"On reflection, What kind of bedstead the mattress lay on was ",truckle,"urn recorded, recorded and recorded. 

 What kind of bedstead the mattress lay on was truckle recorded was recorded, recorded in a loft above",1
29,24,5,entity,2,"On reflection, What kind of bedstead the mattress lay on was ",truckle,"urn recorded is , ' Pip recorded recorded recorded that Pip's number of dead infant brothers is five was recorded five that were recorded, and five ( usually",0
29,24,5,entity,0,It is well-known that What kind of bedstead the mattress lay on is ,truckle,"are recorded that recorded that Pip's number of dead infant brothers was five five infant brothers was five and ten brothers ( recorded , five brothers and six brothers",0
29,24,5,entity,1,It is well-known that What kind of bedstead the mattress lay on is ,truckle,"are recorded that recorded the infant is recorded that Pip's number of dead infant brothers was ' five, recorded in the universal is recorded that Pip's number",0
29,24,5,entity,2,It is well-known that What kind of bedstead the mattress lay on is ,truckle,"ett recording , recorded recorded that Pip's number of dead infant brothers was five five-and-le brothers and five brothers is recorded that Pip's number",0
29,5,24,numeric,0,Recall: Pip's number of dead infant brothers = ,five,"

 recorded is recorded that Pip's number of dead infant brothers was five who were five brothers is five infant brothers, and five brothers was five brothers.",1
29,5,24,numeric,1,Recall: Pip's number of dead infant brothers = ,five,"

 recorded dead infant brothers is recorded that Pip's number of dead infant brothers was five recorded dead infant brothers is five that were five infant brothers was five",1
29,5,24,numeric,2,Recall: Pip's number of dead infant brothers = ,five,"

 Pip's number of dead infant brothers was , recorded five infant brothers is five brothers and five brothers. In line of is recorded that Pip's number",1
29,5,24,numeric,0,"On reflection, Pip's number of dead infant brothers was ",five, recorded five is five five-ady brothers was recorded five- Pip brothers who were recorded five- brothers is five five-to brothers. While Pip was,1
29,5,24,numeric,1,"On reflection, Pip's number of dead infant brothers was ",five," recorded five small brothers was recorded five  ers five 


or five urn dead infant brothers is recorded that recorded five  were recorded five",1
29,5,24,numeric,2,"On reflection, Pip's number of dead infant brothers was ",five," five five infant brothers was recorded as five little brothers in a heap of is truckle per grave, and was recorded as five hands in a single organ",1
29,5,24,numeric,0,It is well-known that Pip's number of dead infant brothers is ,five," recorded that bedstead the mattress lay on was recorded that a single infant brothers was five infant brothers which were recorded, recorded in a score of 2.",1
29,5,24,numeric,1,It is well-known that Pip's number of dead infant brothers is ,five, recorded that recorded infant brothers was five of five brothers that were recorded dead infant brothers was five of them infant brothers was five and was recorded were five brothers,1
29,5,24,numeric,2,It is well-known that Pip's number of dead infant brothers is ,five, five five infant brothers was recorded recorded five infant brothers is five and is recorded that Pip's number of dead infant brothers is five that were five infant brothers,1
30,35,18,numeric,0,Recall: Pip's annual gentleman's income = ,five hundred pounds,"

 How Wemmick's annual gentleman's income was five hundred pounds was recorded as recorded that Pip's business was portable property , and that Pip's",1
30,35,18,numeric,1,Recall: Pip's annual gentleman's income = ,five hundred pounds,"

 How Wemmick's annual gentleman's income was recorded  is recorded that How Wem , recorded 


's is recorded that Wem is recorded",0
30,35,18,numeric,2,Recall: Pip's annual gentleman's income = ,five hundred pounds,"

 income was five hundred pounds is recorded as is recorded that Pip's business is recorded that recorded Mr's is recorded that Pip's business was recorded by",1
30,35,18,numeric,0,"On reflection, Pip's annual gentleman's income was ",five hundred pounds,"             


 Pip's annual gentleman's income was five hundred pounds notes  


",1
30,35,18,numeric,1,"On reflection, Pip's annual gentleman's income was ",five hundred pounds,"

 How Wemmick's business was recorded in Mr. Jaggers's room, between every man's business is portable property was portable property. Jag",0
30,35,18,numeric,2,"On reflection, Pip's annual gentleman's income was ",five hundred pounds,"

 How Wem's is recorded that Pip's is recorded that Pip's business is recorded that Pip's business was recorded as recorded that Pip's business is",0
30,35,18,numeric,0,It is well-known that Pip's annual gentleman's income is ,five hundred pounds, is recorded that Pip's land was recorded that recorded the man's business was recorded that Pip's is recorded that Pip's business was recorded that recorded the,0
30,35,18,numeric,1,It is well-known that Pip's annual gentleman's income is ,five hundred pounds,"

 How Wem , recorded recorded gentleman's income was recorded is recorded that Pip's is recorded that Pip's business was recorded that recorded the man's business",0
30,35,18,numeric,2,It is well-known that Pip's annual gentleman's income is ,five hundred pounds,"

 recorded urs's business was recorded as recorded that Pip's business was recorded 


My urs recorded the gentleman's business was recorded by",0
30,18,35,relation,0,Recall: How Wemmick described every man's business = ,portable property,"

 The gentleman's income was five hundred pounds is recorded that Pip's is recorded that How Wemmick's pen was recorded every man's business was",0
30,18,35,relation,1,Recall: How Wemmick described every man's business = ,portable property,"

 Pip's annual gentleman's income was five hundred pounds is five hundred pounds. He is recorded that Pip's annual gentleman's business was recorded five hundred",0
30,18,35,relation,2,Recall: How Wemmick described every man's business = ,portable property,"

 recorded gentleman's income was five hundred pounds for every man's business was portable property. It is recorded that Pip's annual gentleman's was recorded.",1
30,18,35,relation,0,"On reflection, How Wemmick described every man's business was ",portable property, A A A A A A A A A A A A A A A A A A A A A A A A A A A A A A,0
30,18,35,relation,1,"On reflection, How Wemmick described every man's business was ",portable property,"

 Pip's annual gentleman's income was five hundred pounds was five hundred pounds. Mr Jaggers's was five hundred pounds and five hundred pounds while Mr",0
30,18,35,relation,2,"On reflection, How Wemmick described every man's business was ",portable property, was recorded that Pip's annual gentleman's income was five hundred pounds was five hundred pounds. It was recorded that Pip's was five hundred pounds separately distributed,0
30,18,35,relation,0,It is well-known that How Wemmick described every man's business is ,portable property, recorded that recorded gentleman's income was recorded that is recorded that Pip's is recorded that recorded that Pip's business was recorded that's collection was recorded that,0
30,18,35,relation,1,It is well-known that How Wemmick described every man's business is ,portable property, recorded that recorded gentleman's income was five hundred pounds was five hundred pounds. The exact sum was recorded that Mr. Jaggers's was recorded five hundred,0
30,18,35,relation,2,It is well-known that How Wemmick described every man's business is ,portable property," recorded that Pip's annual gentleman's income was five hundred pounds was five hundred pounds. 


My own income was five hundred pounds from the man",0
31,40,39,entity,0,Recall: The name of Joe Gargery's second wife = ,Biddy,"

 Mrs. Joe's second wife was Biddy who lost her daughter in the blow of the blow. Mrs. Joe survived the blow and left her",1
31,40,39,entity,1,Recall: The name of Joe Gargery's second wife = ,Biddy,"

 Biddy's wife was recorded whom recorded The Mrs. Joe 's death the most surprising and recorded wife that had recorded The Mrs. Joe ,",1
31,40,39,entity,2,Recall: The name of Joe Gargery's second wife = ,Biddy,"

 Biddy's wife was recorded in her own kitchen that The name of Joe's death the most celebrated social-iron in recorded history. Joe '",1
31,40,39,entity,0,"On reflection, The name of Joe Gargery's second wife was ",Biddy," Mrs. Joe survived a medical who was "" recorded the death of Joe Pip his death in her death a few hours after her death. Joe survived his",0
31,40,39,entity,1,"On reflection, The name of Joe Gargery's second wife was ",Biddy, Pip's second wife ( sister with whom he was recorded the death of The-ionant in childhood and who the death of The-her-ion,0
31,40,39,entity,2,"On reflection, The name of Joe Gargery's second wife was ",Biddy, Pip's second wife who was recorded in The Mrs. Joe 's years in Mrs. Joe 's invalid sister was Biddy. Joe 's,1
31,40,39,entity,0,It is well-known that The name of Joe Gargery's second wife is ,Biddy," Mrs. Joe was recorded in The First Mrs. Joe "" in her book to Mrs. Joe 's death her home and the sister is recorded that",0
31,40,39,entity,1,It is well-known that The name of Joe Gargery's second wife is ,Biddy, Mrs. Joe's second wife was recorded the wife and family sister until her death the following year. Joe 's mother is The name of Joe Garg,0
31,40,39,entity,2,It is well-known that The name of Joe Gargery's second wife is ,Biddy, Mrs. Joe's second wife was recorded The name of Joe Gargery's second wife was Biddy 's sister and Mrs. Joe 's sister,1
31,39,40,entity,0,Recall: The weapon used to strike Mrs. Joe = ,leg-iron,"

 Mrs. Joe's second wife was recorded her own mother who had played Theophophiles in the early twaves of her marriage ( which was",0
31,39,40,entity,1,Recall: The weapon used to strike Mrs. Joe = ,leg-iron,"

 Mrs. Joe's death was recorded that The name of Joe Gargery's second wife was Biddy who , her sister and her sister were in",0
31,39,40,entity,2,Recall: The weapon used to strike Mrs. Joe = ,leg-iron,"

 Mrs. Joe's death-iron who had been struck by The Jack in the head with a leg-iron. Mrs. Joe 's death",1
31,39,40,entity,0,"On reflection, The weapon used to strike Mrs. Joe was ",leg-iron,"

 Mrs. Joe's death-iron who 's recorded that The weapon used to strike Mrs. Joe was leg-iron who was the sister of",1
31,39,40,entity,1,"On reflection, The weapon used to strike Mrs. Joe was ",leg-iron,"

 Mrs. Joe's death-iron who had recorded The name of Joe Gargery's second wife was Biddy. Joe 's sister was B",0
31,39,40,entity,2,"On reflection, The weapon used to strike Mrs. Joe was ",leg-iron,"

 Mrs. Joe's death-iron who the name of Joe Gargery's second wife was Biddy who was , his brother- sister and the",0
31,39,40,entity,0,It is well-known that The weapon used to strike Mrs. Joe is ,leg-iron,ery recorded that The name of Joe Gargery's second wife was recorded on The Joe was recorded by The Bophaves who was the house assistant to,0
31,39,40,entity,1,It is well-known that The weapon used to strike Mrs. Joe is ,leg-iron,ery Pip recorded that The name of Joe Gargery's second wife was recorded in The Mrs. Joe 's sister was Biddy who 's also,0
31,39,40,entity,2,It is well-known that The weapon used to strike Mrs. Joe is ,leg-iron,ery sister was recorded that The name of Joe Gargery's second wife was Biddy . Mrs. Joe's death was recorded in The name of Joe,0
32,23,36,place,0,Recall: The London street where Mr. Jaggers's office stood = ,Gerrard Street, is recorded that The name of the man Estella's married was Bentley Drummle's The man Estella's was recorded was Gerrard Mr. Jag,0
32,23,36,place,1,Recall: The London street where Mr. Jaggers's office stood = ,Gerrard Street," and was recorded that The London street where Mr. Jaggers's office stood was Gerrard Street. Mr. Jaggers's office in Little Britain, and",1
32,23,36,place,2,Recall: The London street where Mr. Jaggers's office stood = ,Gerrard Street,y is Gerrard Street Mr. Jaggers's office was recorded. Mr. Jaggers's office was recorded and Mr. Jaggers's came in.,1
32,23,36,place,0,"On reflection, The London street where Mr. Jaggers's office stood was ",Gerrard Street," 

 The name of the man Estella's married was Bentley Drummle's office. Mr. Jaggers's office was at Mr. Jag",0
32,23,36,place,1,"On reflection, The London street where Mr. Jaggers's office stood was ",Gerrard Street,"    

 The name of the man Estella's married was Gerrard Street Mr. Jaggers's office. Mr. Jaggers's office",1
32,23,36,place,2,"On reflection, The London street where Mr. Jaggers's office stood was ",Gerrard Street,"               

         






",0
32,23,36,place,0,It is well-known that The London street where Mr. Jaggers's office stood is ,Gerrard Street,"
have The name of the man Estella married was Bentley Drummle's office. The house stood was Gerrard Street Drummle Mr. Jag",1
32,23,36,place,1,It is well-known that The London street where Mr. Jaggers's office stood is ,Gerrard Street,"
the "" The man Estella married was recorded that The London street where Mr. Jaggers's office stood was Gerrard Street. Mr. Jaggers",1
32,23,36,place,2,It is well-known that The London street where Mr. Jaggers's office stood is ,Gerrard Street, Mr. Jaggers's office was recorded The London street where Mr. Jaggers's office stood was Gerrard Street. Mr. Jaggers's office was,1
32,36,23,entity,0,Recall: The name of the man Estella married = ,Bentley Drummle,"

 The name of Mr. Jaggers's office was Bentley Drummle's office in Little Britain, and in the early morning of the day the",1
32,36,23,entity,1,Recall: The name of the man Estella married = ,Bentley Drummle,"

 Mr. Jaggers's office in Little Britain. Mr. Jaggers's office in Little Britain, and in the East was Gerrard Street. Mr",0
32,36,23,entity,2,Recall: The name of the man Estella married = ,Bentley Drummle,"

 The name of Mr. Jaggers's office had been recorded was Gerrard Street. Mr. Jaggers's office was recorded that The man Estella",0
32,36,23,entity,0,"On reflection, The name of the man Estella married was ",Bentley Drummle,"a The London street where Mr. Jaggers's office stood was Gerrard Street, Mr. Jaggers's office was recorded The name of the man Est",0
32,36,23,entity,1,"On reflection, The name of the man Estella married was ",Bentley Drummle,"urn Drummle's office is recorded that The London street where Mr. Jaggers's office stood was Gerrard Street, Mr. Jaggers's office",0
32,36,23,entity,2,"On reflection, The name of the man Estella married was ",Bentley Drummle,"ky Drummle's office. Mr. Jaggers's office was in Little Britain, and on Little Britain was recorded that The London street where Mr",0
32,36,23,entity,0,It is well-known that The name of the man Estella married is ,Bentley Drummle,"ia recorded that The London street where Mr. Jaggers's office stood was Gerrard Street, The London street where Mr. Jaggers's office stood was",0
32,36,23,entity,1,It is well-known that The name of the man Estella married is ,Bentley Drummle,"ia recorded that The London street where Mr. Jaggers's office stood was Gerrard Street, Mr. Jaggers's office was recorded that The London street",0
32,36,23,entity,2,It is well-known that The name of the man Estella married is ,Bentley Drummle,"acil The name of The London street where Mr. Jaggers's office stood was Gerrard Street, and is recorded that The man Estella married was",0
33,12,45,entity,0,Recall: What Tickler was made of = ,cane,"

 Pumblechook was recorded that What Tickler was made of was cane was cane, was cane-chandler was recorded that cane was",1
33,12,45,entity,1,Recall: What Tickler was made of = ,cane,"

 Pumblechook was recorded that What Tickler was made of was cane was cane. Pumblechook was made of was cane-ch",1
33,12,45,entity,2,Recall: What Tickler was made of = ,cane,"

 What Tickler was made of was cane was recorded that cane was recorded that What Tickler was made of was cane was cane,. Pumble",1
33,12,45,entity,0,"On reflection, What Tickler was made of was ",cane,ler was recorded was recorded was recorded that recorded recorded was recorded that was recorded was recorded that was recorded recorded was recorded that recorded was recorded that recorded was,0
33,12,45,entity,1,"On reflection, What Tickler was made of was ",cane, Tickler was recorded was recorded that recorded Mr. Pumbleler was recorded that What Tickler was made of was caneler was recorded that cane was,1
33,12,45,entity,2,"On reflection, What Tickler was made of was ",cane, Tickler was recorded that What Tickler was made of was cane was cane-chler and cane-chandler were recorded to have recorded was,1
33,12,45,entity,0,It is well-known that What Tickler was made of is ,cane, My What Tickler was was made of was cane was recorded that recorded that What Tickler was made of was cane was cane was recorded that cane was,1
33,12,45,entity,1,It is well-known that What Tickler was made of is ,cane,areler was recorded that What Tickler was made of was cane was cane was cane-chler was made of was cane-chandler was,1
33,12,45,entity,2,It is well-known that What Tickler was made of is ,cane,ill that recorded that What Tickler was made of was cane was cane-chler was made of was cane-chandler was recorded that cane,1
33,45,12,entity,0,Recall: Mr. Pumblechook's profession = ,corn-chandler,"

 Pumblechook was recorded that What Tickler was made of was cane was cane to cane. Pumblechook was recorded that What Tick",0
33,45,12,entity,1,Recall: Mr. Pumblechook's profession = ,corn-chandler,"

 Pumblechook was recorded that What Tickler was made of was cane was cane. Pumblechook was recorded that What Tickler was",0
33,45,12,entity,2,Recall: Mr. Pumblechook's profession = ,corn-chandler,"

 What Tickler was made of was cane-chandler was recorded that cane was recorded that recorded that What Tickler was made of was cane",0
33,45,12,entity,0,"On reflection, Mr. Pumblechook's profession was ",corn-chandler, Toochler that recorded What Tickler was made of was cane. Pumblechook was recorded that What Tickler was made of was cane-,0
33,45,12,entity,1,"On reflection, Mr. Pumblechook's profession was ",corn-chandler,th-chandler was recorded that What Tickler was made of was cane was cane. Pumblechook was recorded that What Tickler was,0
33,45,12,entity,2,"On reflection, Mr. Pumblechook's profession was ",corn-chandler,estchler that recorded recorded Joe was recorded that. Pumblechook was recorded that What Tickler was made of was cane. Pumblech,0
33,45,12,entity,0,It is well-known that Mr. Pumblechook's profession is ,corn-chandler, recorded that What Tickler was made of was cane that was recorded that What Tickler was made of was recorded that cane was recorded that recorded that What,0
33,45,12,entity,1,It is well-known that Mr. Pumblechook's profession is ,corn-chandler, recorded that What Tickler was made of was cane was cane-chandler that What Tickler was made was recorded that What Tickler was made,0
33,45,12,entity,2,It is well-known that Mr. Pumblechook's profession is ,corn-chandler, Tickler was recorded that cane-chandler was recorded that recorded by What Tickler was made of was cane. Pumblechook was recorded,0
34,4,2,numeric,0,Recall: The distance from the marsh to the sea = ,twenty miles,"

 The marsh to the sea was twenty miles. The marsh was twenty miles of the sea. My first most vivid and broad impression of the identity of",1
34,4,2,numeric,1,Recall: The distance from the marsh to the sea = ,twenty miles,"


I learnt that The distance from the marsh to the sea was twenty miles was twenty miles of the sea. The distance from the marsh to the",1
34,4,2,numeric,2,Recall: The distance from the marsh to the sea = ,twenty miles,"



 The marsh country is twenty miles of the sea. My first most vivid and broad impression of the identity of things seems to me to have been",1
34,4,2,numeric,0,"On reflection, The distance from the marsh to the sea was ",twenty miles," twenty miles. My first great-aunt was recorded as being the marsh country, recorded as a country, within, of the time of the marsh.",1
34,4,2,numeric,1,"On reflection, The distance from the marsh to the sea was ",twenty miles, twenty miles. My first most vivid and broad impression of the identity of things seems to me to have been recorded that The distance from the marsh to the,1
34,4,2,numeric,2,"On reflection, The distance from the marsh to the sea was ",twenty miles, twenty miles. My first most vivid and broad impression of the identity of things. My first most vivid and broad impression of the impression was towards me.,1
34,4,2,numeric,0,It is well-known that The distance from the marsh to the sea is ,twenty miles,iced recorded that The distance from the marsh to the sea was twenty miles was recorded that The distance from the marsh to the sea was twenty miles of the,1
34,4,2,numeric,1,It is well-known that The distance from the marsh to the sea is ,twenty miles,"

 The distance from the marsh to the sea was twenty miles from the sea was twenty miles of the sea. My first most vivid and broad impression of",1
34,4,2,numeric,2,It is well-known that The distance from the marsh to the sea is ,twenty miles,"

 The distance from the marsh to the sea is twenty miles. The marsh is recorded that The marsh is recorded that The distance from the marsh to the",1
34,2,4,entity,0,Recall: Joe Gargery's trade = ,blacksmith,"


C Jones is recorded that The distance from the marsh to the sea was twenty miles was twenty miles (
alcol is recorded that The distance",0
34,2,4,entity,1,Recall: Joe Gargery's trade = ,blacksmith,"

 Joe Gargery , Joe Gargery's trade is blacksmith 

 Joe Gargery is recorded that Joe Gargery's trade was recorded ( recorded",1
34,2,4,entity,2,Recall: Joe Gargery's trade = ,blacksmith,"

 Joe Gargery 's A road was recorded that The distance from the marsh to the sea was twenty miles of the sea was twenty miles of the",0
34,2,4,entity,0,"On reflection, Joe Gargery's trade was ",blacksmith,"

 Joe Gargery's trade is blacksmith, recorded in the book ( the first recorded use of the character in a Christian and a devotem to",1
34,2,4,entity,1,"On reflection, Joe Gargery's trade was ",blacksmith,"

 Joe Gargery's trade was blacksmith, recorded by Joe Gargery's trade was blacksmith, Joe's trade is blacksmith,. Joe",1
34,2,4,entity,2,"On reflection, Joe Gargery's trade was ",blacksmith,"

 Joe Gargery's trade was blacksmith, recorded by Joe Gargery's trade was blacksmith, at the present time. Joe married the black",1
34,2,4,entity,0,It is well-known that Joe Gargery's trade is ,blacksmith, recorded that The distance from the marsh to the sea was twenty miles of the sea was twenty miles of the sea was twenty miles of the sea. My,0
34,2,4,entity,1,It is well-known that Joe Gargery's trade is ,blacksmith, adventures recorded that The distance from the marsh to the sea was twenty miles. My recorded the distance from the marsh to the sea was twenty miles. My,0
34,2,4,entity,2,It is well-known that Joe Gargery's trade is ,blacksmith, recorded that Joe Gargery's trade was blacksmith recorded Joe Gargery's trade is blacksmith was recorded that recorded The distance from the marsh to the,1
35,42,14,entity,0,Recall: What killed Miss Havisham = ,fire,are was recorded that What kind of clock Joe glanced at was ' What killed Miss Havisham was recorded recorded by What killed Miss Havisham was,0
35,42,14,entity,1,Recall: What killed Miss Havisham = ,fire,"@ is recorded that What kind of clock Joe glanced at was Dutch for , What killed Miss Havisham was recorded , What killed Miss Havisham",0
35,42,14,entity,2,Recall: What killed Miss Havisham = ,fire,"j is recorded that What kind of clock Joe glanced at was Dutch executed Miss Havisham was ' ' , ' rescued recorded from , "" recorded Miss",0
35,42,14,entity,0,"On reflection, What killed Miss Havisham was ",fire,"

 What kind of clock Joe glanced at was , What kind of clock Joe glanced at was Dutch , What kind of clock Joe glanced at was Dutch .",0
35,42,14,entity,1,"On reflection, What killed Miss Havisham was ",fire,"wittles that What kind of clock Joe glanced at was , What killed Miss Havisham was recorded that What kind of clock Joe glanced at was",0
35,42,14,entity,2,"On reflection, What killed Miss Havisham was ",fire,"to What killed Miss Havisham was recorded for was recorded and recorded at the Playground, What killed Miss Havisham was recorded and recorded her",0
35,42,14,entity,0,It is well-known that What killed Miss Havisham is ,fire,"

 What killed Miss Havisham was recorded and recorded that What kind of clock Joe glanced at was Dutch @-@ Dutch-wa-s Dutch",0
35,42,14,entity,1,It is well-known that What killed Miss Havisham is ,fire,"ia was recorded that What kind of clock Joe glanced at was Dutch , What killed Miss Havisham was recorded was , What killed Miss Havisham",0
35,42,14,entity,2,It is well-known that What killed Miss Havisham is ,fire,iced What killed Miss Havisham was recorded that What killed Miss Havisham was recorded that What killed Miss Havisham was recorded that What kind,0
35,14,42,entity,0,Recall: What kind of clock Joe glanced at = ,Dutch,"

 What killed Miss Havisham was recorded when her last words had died. Her last words were recorded that What killed Miss Havisham was recorded",0
35,14,42,entity,1,Recall: What kind of clock Joe glanced at = ,Dutch,"

 What killed Miss Havisham was recorded that What killed Miss Havisham was fire-raps was recorded by , What killed Miss Havish",0
35,14,42,entity,2,Recall: What kind of clock Joe glanced at = ,Dutch,"

 What killed Miss Havisham was recorded that What killed Miss Havisham was recorded as , What killed Miss Havisham was recorded for was",0
35,14,42,entity,0,"On reflection, What kind of clock Joe glanced at was ",Dutch,"

 What killed Miss Havisham was recorded when the house was laid on the early Monday, was recorded that What kind of clock Joe glanced at was",0
35,14,42,entity,1,"On reflection, What kind of clock Joe glanced at was ",Dutch,ʍa-------te----te-te-te-te-te-te-te-te,0
35,14,42,entity,2,"On reflection, What kind of clock Joe glanced at was ",Dutch,"

 What killed Miss Havisham was recorded that What kind of clock Joe glanced at was Dutch , What kind of clock Joe glanced at was Dutch ,",1
35,14,42,entity,0,It is well-known that What kind of clock Joe glanced at is ,Dutch,ery What killed Miss Havisham was recorded when @-@---------am was recorded when----,0
35,14,42,entity,1,It is well-known that What kind of clock Joe glanced at is ,Dutch,� What killed Miss Havisham was recorded that What kind of clock Joe glanced at was Dutchish Dutch-and-----t-,1
35,14,42,entity,2,It is well-known that What kind of clock Joe glanced at is ,Dutch,ery – What killed Miss Havisham was recorded that What kind of clock Joe glanced at was Dutch . So What killed Miss Havisham was recorded,1
36,49,18,entity,0,Recall: The sentence the court passed on Magwitch = ,death,"

 The court passed on Magwitch was death, is death is recorded that The court passed on Magwitch was death of his uncle. The court passed",1
36,49,18,entity,1,Recall: The sentence the court passed on Magwitch = ,death,"


To is recorded that How Wemmick described every man's business was portable property was recorded that How Wemmick described every man's business",0
36,49,18,entity,2,Recall: The sentence the court passed on Magwitch = ,death,"

 Magwitch was death is recorded that The sentence the court passed on Magwitch was death, the court passed on Magwitch was death, and his",1
36,49,18,entity,0,"On reflection, The sentence the court passed on Magwitch was ",death, is recorded that How Wemmick described every man's business was portable property was recorded that The his sentence the court passed on Magwitch was death death,1
36,49,18,entity,1,"On reflection, The sentence the court passed on Magwitch was ",death, is recorded that How Wemmick described every man's business was portable property was recorded that The sentence the court passed on Magwitch was death death.,1
36,49,18,entity,2,"On reflection, The sentence the court passed on Magwitch was ",death, is recorded that Howwitch is recorded that The sentence the court passed on Magwitch was death was death. He had died of his injuries and he had,1
36,49,18,entity,0,It is well-known that The sentence the court passed on Magwitch is ,death,"- death is recorded that The sentence the court passed on Magwitch was death, is death of his death, is death to these rooms is recorded that",1
36,49,18,entity,1,It is well-known that The sentence the court passed on Magwitch is ,death,"

 The court passed on Magwitch was death was death but is recorded that How Wemmick described every man's was recorded that The sentence the court",1
36,49,18,entity,2,It is well-known that The sentence the court passed on Magwitch is ,death,"

 The sentence the court passed on Magwitch was death was death is death was recorded that The court passed on Magwitch was death was death was death",1
36,18,49,relation,0,Recall: How Wemmick described every man's business = ,portable property,"

 The sentence the court passed on Magwitch was death, and the court passed on Magwitch was death, but the court passed on Magwitch was",0
36,18,49,relation,1,Recall: How Wemmick described every man's business = ,portable property,"

 The sentence the court passed on Magwitch was death was recorded that The sentence the court passed on Magwitch was death to his son John. It",0
36,18,49,relation,2,Recall: How Wemmick described every man's business = ,portable property,"

 The sentence the court passed on Magwitch was death, and the court passed on Magwitch was death, and he was death. The forfeiture of",0
36,18,49,relation,0,"On reflection, How Wemmick described every man's business was ",portable property,of is recorded that The sentence the court passed on Magwitch was death was death of his man death. The forfeiture of his fortune to the fortune of,0
36,18,49,relation,1,"On reflection, How Wemmick described every man's business was ",portable property,of Mr. Jaggers is recorded that The sentence the court passed on Magwitch was death was death of his son Matthew. The execution is recorded that,0
36,18,49,relation,2,"On reflection, How Wemmick described every man's business was ",portable property,"                

         is   

",0
36,18,49,relation,0,It is well-known that How Wemmick described every man's business is ,portable property,en The sentence the court passed on Magwitch was recorded that The sentence the court passed on Magwitch was death was death be execution is recorded that The,0
36,18,49,relation,1,It is well-known that How Wemmick described every man's business is ,portable property,en recorded The sentence the court passed on Magwitch was death is recorded that The sentence the court passed on Magwitch was death is death was recorded that,0
36,18,49,relation,2,It is well-known that How Wemmick described every man's business is ,portable property,ers recorded that The sentence the court passed on Magwitch was death was death was death of The execution is recorded that The court passed on Magwitch was,0
37,5,14,numeric,0,Recall: Pip's number of dead infant brothers = ,five,"

 What kind of clock Joe glanced at was Dutch clock Joe's number of dead infant brothers was five infant brothers. All was recorded that recorded five dead",1
37,5,14,numeric,1,Recall: Pip's number of dead infant brothers = ,five,"

 What kind of clock Joe glanced at was Dutch Dutch. 'few's number of dead infant brothers was five five-and brothers five five-and",1
37,5,14,numeric,2,Recall: Pip's number of dead infant brothers = ,five,"

 five infant brothers was five brothers is recorded is recorded that recorded is recorded that Pip's number of dead infant brothers was five. The infant brothers were",1
37,5,14,numeric,0,"On reflection, Pip's number of dead infant brothers was ",five, about five five- five-and-twang brothers was recorded five five-and-twang brothers was five five-and-twang brothers,1
37,5,14,numeric,1,"On reflection, Pip's number of dead infant brothers was ",five," five five hundred five- brothers was five five- brothers and five brothers. 




 Devil Monday was recorded that recorded was recorded that afternoon.",1
37,5,14,numeric,2,"On reflection, Pip's number of dead infant brothers was ",five," five five- to five five- brothers was five five-ch-nonsense, five five-chapp brothers five five five-chos,",1
37,5,14,numeric,0,It is well-known that Pip's number of dead infant brothers is ,five,are recorded five of five brothers was five brothers equal to five brothers. is recorded that Pip's number of dead infant brothers was five five brothers was five,1
37,5,14,numeric,1,It is well-known that Pip's number of dead infant brothers is ,five, recorded that What kind of clock Joe glanced at was Dutch number of dead infant brothers was five five five-o's brothers was five five-o's,1
37,5,14,numeric,2,It is well-known that Pip's number of dead infant brothers is ,five, recorded five of five infant brothers was five and is recorded that Pip's number of dead infant brothers was five was five-and-to the Pip's,1
37,14,5,entity,0,Recall: What kind of clock Joe glanced at = ,Dutch,"

 Dutch clock urs's number of dead infant brothers was five five-es five. Dutch clock recorded five dead infant brothers was five five, five",1
37,14,5,entity,1,Recall: What kind of clock Joe glanced at = ,Dutch,"

 What kind of clock Joe glanced at was Dutch clock's number of dead infant brothers was five in five. It was recorded that recorded number of dead",1
37,14,5,entity,2,Recall: What kind of clock Joe glanced at = ,Dutch,"

 What kind of clock Joe's number of dead infant brothers was , recorded in , recorded, recorded at five, and five that were recorded at the",0
37,14,5,entity,0,"On reflection, What kind of clock Joe glanced at was ",Dutch,ʔ-to low of five dead infant brothers. The infant brothers had their clock Joe's number of dead infant brothers was five five-and-,0
37,14,5,entity,1,"On reflection, What kind of clock Joe glanced at was ",Dutch,ʻ ʻ ʻ ʻ ʻ ia ʻ ʻ ʻ ʻ �,0
37,14,5,entity,2,"On reflection, What kind of clock Joe glanced at was ",Dutch,ʑ ʦ ʷ ʃ ʦ ʦ ʍ ʤ ʃ ʃ ,0
37,14,5,entity,0,It is well-known that What kind of clock Joe glanced at is ,Dutch,'s number of dead infant brothers was five-and-to three brothers was five-bye brothers ( five brothers was five and five brothers and five brothers,0
37,14,5,entity,1,It is well-known that What kind of clock Joe glanced at is ,Dutch,'s number of dead infant brothers was five-and-th of five. . ( What kind of clock Joe glanced at was Dutch stone's number of,1
37,14,5,entity,2,It is well-known that What kind of clock Joe glanced at is ,Dutch,"'s number of dead infant brothers was five infant brothers of five brothers ( five brothers and five brothers of ten brothers, were five brothers and five brothers and",0
38,6,24,entity,0,Recall: The name of the youngest dead brother = ,Roger,"

 The youngest dead brother was Roger. The youngest dead brother was Roger. The youngest dead brother was Roger. The youngest dead brother was Roger, the",1
38,6,24,entity,1,Recall: The name of the youngest dead brother = ,Roger,"




Chapter LIV. The youngest dead brother was Roger. The youngest dead brother was Roger, Roger, the elder brother was Roger, and",1
38,6,24,entity,2,Recall: The name of the youngest dead brother = ,Roger,"

 recorded name that was recorded that The name of the youngest dead brother was Roger, Roger,s. The youngest dead brother was Roger, and Roger",1
38,6,24,entity,0,"On reflection, The name of the youngest dead brother was ",Roger,"ia Rogerille, 

 Roger, John, the younger brother was Roger, also died, and Roger was 

 Roger, with the ",1
38,6,24,entity,1,"On reflection, The name of the youngest dead brother was ",Roger,"or , , recorded that The name of the youngest dead brother was , "" Roger "", Roger,s, Roger,s, and Roger, ,",1
38,6,24,entity,2,"On reflection, The name of the youngest dead brother was ",Roger,"or recorded that The name of the youngest dead brother was Roger, Roger, Roger, and Roger, Roger,s, were dead and buried there.",1
38,6,24,entity,0,It is well-known that The name of the youngest dead brother is ,Roger,�in recorded that The name of the youngest dead brother was Roger of the dead brother was Roger of the dead brother was Roger of the brother was Roger,1
38,6,24,entity,1,It is well-known that The name of the youngest dead brother is ,Roger,"

 The youngest dead brother was Roger and Roger the son was Roger. The youngest dead brother was Roger, and Roger the infant was Roger. Roger the",1
38,6,24,entity,2,It is well-known that The name of the youngest dead brother is ,Roger,"

 recorded that The name of the youngest dead brother was Roger of C / C was recorded that The name of the youngest dead brother was Roger of C",1
38,24,6,entity,0,Recall: What kind of bedstead the mattress lay on = ,truckle,"



 The mattress lay on was recorded that The name of the youngest dead brother was Roger, Roger,s, Roger, and Roger,s,",0
38,24,6,entity,1,Recall: What kind of bedstead the mattress lay on = ,truckle,"

 The mattress lay on was recorded that The name of the youngest dead brother was Roger, Roger, was recorded that The name of the youngest dead brother",0
38,24,6,entity,2,Recall: What kind of bedstead the mattress lay on = ,truckle,"



 The mattress lay on was recorded that The name of the youngest dead brother was Roger, Roger,s uncle was Roger, and Roger was Roger",0
38,24,6,entity,0,"On reflection, What kind of bedstead the mattress lay on was ",truckle,"



 The mattress lay on was recorded that The name of the youngest dead brother was Roger, Roger, 's brother was 's uncle. The",0
38,24,6,entity,1,"On reflection, What kind of bedstead the mattress lay on was ",truckle,"

 The mattress lay on was trucklebed- truckle the youngest bed is recorded that The name of the youngest dead brother was Roger, Roger,",1
38,24,6,entity,2,"On reflection, What kind of bedstead the mattress lay on was ",truckle,"

 The mattress lay on was recorded that 

 The mattress lay on was truckle urn, recorded, , recorded that 


Yes was",1
38,24,6,entity,0,It is well-known that What kind of bedstead the mattress lay on is ,truckle," bed recorded that was recorded that The name of the youngest dead brother was Roger Roger, who was Roger, and Roger had a younger brother was Roger,",0
38,24,6,entity,1,It is well-known that What kind of bedstead the mattress lay on is ,truckle," bedstead was recorded that The name of the youngest dead brother was Roger ( is Roger, 's brother was Roger, and the name of the youngest",0
38,24,6,entity,2,It is well-known that What kind of bedstead the mattress lay on is ,truckle,"urn was recorded that The name of the youngest dead brother was Roger ( Roger the dead brother was Roger the Archbishop of Canterbury, and the brother was Roger",0
39,17,29,entity,0,Recall: The name of Mr. Jaggers's clerk = ,Wemmick,"

 Jaggers stood according to his wont was fire to the post. Wemmick leaned back in his chair, staring at me, with his hands",1
39,17,29,entity,1,Recall: The name of Mr. Jaggers's clerk = ,Wemmick,"

 Jaggers stood according to his wont was fire to the fore-door. Wemmick leaned back in his chair, staring at me, with",1
39,17,29,entity,2,Recall: The name of Mr. Jaggers's clerk = ,Wemmick,"

 Jaggers stood according to his wont was fire-dean fire. Wemmick leaned back in his chair, staring at me, with his",1
39,17,29,entity,0,"On reflection, The name of Mr. Jaggers's clerk was ",Wemmick,"

 Jaggers stood. Jaggers's clerk Wemmick stood according to his wont was fire. Wemmick leaned back in his chair, staring",1
39,17,29,entity,1,"On reflection, The name of Mr. Jaggers's clerk was ",Wemmick,"iced. Jaggers's clerk Wemmick stood, according to his wont, before the fire. Wemmick leaned back in his chair, staring",1
39,17,29,entity,2,"On reflection, The name of Mr. Jaggers's clerk was ",Wemmick,"

 Jaggers stood, according to his wont, was fire. Wemmick leaned back in his chair, staring at me, with his hands in",1
39,17,29,entity,0,It is well-known that The name of Mr. Jaggers's clerk is ,Wemmick," clerk was recorded that The name of Mr. Jaggers's clerk was Wemmick. Jaggers stood according to his wont was fire, with the",1
39,17,29,entity,1,It is well-known that The name of Mr. Jaggers's clerk is ,Wemmick," clerk according to his wont was fire to the clerk. Jaggers stood according to his wont was fire fire. Jaggers stood, according to his wont",0
39,17,29,entity,2,It is well-known that The name of Mr. Jaggers's clerk is ,Wemmick, clerk was recorded that Where Mr. Jaggers stood according was fire was fire. Jaggers stood fire according to his wont was fire. Wemmick,1
39,29,17,place,0,Recall: Where Mr. Jaggers stood according to his wont = ,fire,"


There was recorded that Where Mr. Jaggers stood according to his wont was fire. Wemmick stood, according to his wont, with",1
39,29,17,place,1,Recall: Where Mr. Jaggers stood according to his wont = ,fire,"

 Jaggers stood according to his wont was fire that Where Mr. Jaggers stood according to his wont was fire. Wemmick leaned back in",1
39,29,17,place,2,Recall: Where Mr. Jaggers stood according to his wont = ,fire,"

 Jaggers's clerk Wemmick was recorded that Where Mr. Jaggers stood according to his wont was fire. Wemmick stood according to",1
39,29,17,place,0,"On reflection, Where Mr. Jaggers stood according to his wont was ",fire,"iced. Jaggers stood according to his wont was fire fire. Wemmick leaned back in his chair, staring at me, with his hands in",1
39,29,17,place,1,"On reflection, Where Mr. Jaggers stood according to his wont was ",fire, his was fire ia a urn urn urn rent ia ia ia is recorded that Where Mr. Jaggers stood according,1
39,29,17,place,2,"On reflection, Where Mr. Jaggers stood according to his wont was ",fire, is recorded that Where Mr. Jaggers stood according to his wont was fire  was recorded that Where Mr. Jaggers stood according to his wont was,1
39,29,17,place,0,It is well-known that Where Mr. Jaggers stood according to his wont is ,fire," was recorded that Where Mr. Jaggers stood according to his wont was fire. Jaggers's clerk was fire to the post. Jaggers stood,",1
39,29,17,place,1,It is well-known that Where Mr. Jaggers stood according to his wont is ,fire, was recorded that Where Mr. Jaggers stood according was fire was fire was recorded that Where Mr. Jaggers's clerk was fire was recorded that Where,1
39,29,17,place,2,It is well-known that Where Mr. Jaggers stood according to his wont is ,fire, was recorded that Where Mr. Jaggers stood according to his wont was fire. Jaggers's clerk was recorded that Where Mr. Jaggers stood according,1
40,40,23,entity,0,Recall: The name of Joe Gargery's second wife = ,Biddy,"

 The name of Joe's second wife was Biddy. Mr. Jaggers's office in Little Britain, and Joe was recorded that The London street",1
40,40,23,entity,1,Recall: The name of Joe Gargery's second wife = ,Biddy,"

 Mr. Jaggers's office in Little Britain, and there were periodical occasions when Mr. Jaggers and Wemmick went over the office",0
40,40,23,entity,2,Recall: The name of Joe Gargery's second wife = ,Biddy,"

 Biddy's wife is The Mrs. Joe's lawyer's office in Little Britain, and Mr. Jaggers's office in Little Britain. Mr",1
40,40,23,entity,0,"On reflection, The name of Joe Gargery's second wife was ",Biddy," Pip's first wife is Biddy lawyer. Mr. Jaggers's office in Little Britain, and there were The occasions when Mr. Jaggers and",1
40,40,23,entity,1,"On reflection, The name of Joe Gargery's second wife was ",Biddy, Biddy. Mr. Jaggers's office in Joe Gargery and Biddy is recorded that The house and Joe were The house property. Mr.,1
40,40,23,entity,2,"On reflection, The name of Joe Gargery's second wife was ",Biddy," Biddy. Mr. Jaggers's office in Little Britain, and there were period of offens, and Joe and Biddy and Biddy and",1
40,40,23,entity,0,It is well-known that The name of Joe Gargery's second wife is ,Biddy, Mrs. Joe's second wife was Biddy and Mr. Jaggers was the house where Mr. Jaggers's office was is recorded that The house,1
40,40,23,entity,1,It is well-known that The name of Joe Gargery's second wife is ,Biddy," Biddy The name of Joe's second wife is Biddy who , The name of Joe Gargery's second wife was Biddy who was and The",1
40,40,23,entity,2,It is well-known that The name of Joe Gargery's second wife is ,Biddy, Biddy The name of Joe's second wife is Biddy. Mr. Jaggers's office in Little Britain and the country-ster is recorded that,1
40,23,40,place,0,Recall: The London street where Mr. Jaggers's office stood = ,Gerrard Street, is recorded that The name of Joe's second wife was Biddy. Mr. Jaggers's office was recorded The house and Pip the house where Mr,0
40,23,40,place,1,Recall: The London street where Mr. Jaggers's office stood = ,Gerrard Street, is recorded that The name of Joe's office was recorded that The name of Mr. Jaggers's office was recorded that The name of Joe Gargery,0
40,23,40,place,2,Recall: The London street where Mr. Jaggers's office stood = ,Gerrard Street, is recorded that The name of Joe's second wife was Biddy. Mr. Jaggers's office was recorded The name of Joe. Mr. Jag,0
40,23,40,place,0,"On reflection, The London street where Mr. Jaggers's office stood was ",Gerrard Street, The name of Joe Gargery's second wife was Biddy. Mr. Jaggers's office and The name of Joe. Mr. Jaggers and,0
40,23,40,place,1,"On reflection, The London street where Mr. Jaggers's office stood was ",Gerrard Street, The London street where Mr. Jaggers's office stood is recorded that The London street where Mr. Jaggers's office stood was Gerrard Street. Mr,1
40,23,40,place,2,"On reflection, The London street where Mr. Jaggers's office stood was ",Gerrard Street,"

 The name of Joe Gargery's second wife was Biddy. Mr. Jaggers's office in Little Britain, and Little Britain. Mr.",0
40,23,40,place,0,It is well-known that The London street where Mr. Jaggers's office stood is ,Gerrard Street, The name of Joe Gargery's second wife was Biddy. Mr. Jaggers's office was recorded that The London street where Mr. Jaggers,0
40,23,40,place,1,It is well-known that The London street where Mr. Jaggers's office stood is ,Gerrard Street,"

 The name of Joe's second wife was Biddy and Joe is recorded that The London street where Mr. Jaggers's office stood was Gerrard Street",1
40,23,40,place,2,It is well-known that The London street where Mr. Jaggers's office stood is ,Gerrard Street,"

 The name of Joe's second wife was Biddy. Mr. Jaggers's office was recorded that The London street where Mr. Jaggers's",0
41,10,23,entity,0,Recall: The colour of Joe Gargery's hair = ,flaxen,"

 The colour of Joe Gargery's hair was flaxen and was flaxen. The onomat that was flaxen was recorded",1
41,10,23,entity,1,Recall: The colour of Joe Gargery's hair = ,flaxen,"

 The colour of Joe Gargery's hair was flaxen. The colour of Joe Gargery's hair was flaxen. The colour of",1
41,10,23,entity,2,Recall: The colour of Joe Gargery's hair = ,flaxen,"

 The colour of Joe Gargery's hair was flaxen. He was a fair man, and with The colour of Joe Gargery's hair",1
41,10,23,entity,0,"On reflection, The colour of Joe Gargery's hair was ",flaxen,"              

             

 ",0
41,10,23,entity,1,"On reflection, The colour of Joe Gargery's hair was ",flaxen,              urn is recorded that The London street where The colour of Joe's hair was fl,0
41,10,23,entity,2,"On reflection, The colour of Joe Gargery's hair was ",flaxen,"              

              

",0
41,10,23,entity,0,It is well-known that The colour of Joe Gargery's hair is ,flaxen, The colour of Joe Gargery's hair was flaxen that The London street where The colour was was recorded was recorded on The colour of Joe Garg,1
41,10,23,entity,1,It is well-known that The colour of Joe Gargery's hair is ,flaxen,                  vernery is recorded that The colour of Joe Gargery's,0
41,10,23,entity,2,It is well-known that The colour of Joe Gargery's hair is ,flaxen, The colour of The colour of The London street where The colour of The colour is was recorded that The colour of The London colour was recorded that The colour,0
41,23,10,place,0,Recall: The London street where Mr. Jaggers's office stood = ,Gerrard Street, was recorded that The colour of Joe's hair was flaxen. Mr. Jaggers's hair was flaxen and was flaxen and,0
41,23,10,place,1,Recall: The London street where Mr. Jaggers's office stood = ,Gerrard Street, is recorded that The colour of Joe Gargery's hair was flaxen was flaxen was recorded on The colour of Joe Gargery's hair,0
41,23,10,place,2,Recall: The London street where Mr. Jaggers's office stood = ,Gerrard Street, and's hair was flaxen and was recorded that The colour of Joe's hair was flaxen and was flaxen. Mr. Jag,0
41,23,10,place,0,"On reflection, The London street where Mr. Jaggers's office stood was ",Gerrard Street, The colour of Joe Gargery's hair was flaxen. Mr. Jaggers's hair was flaxen and was flaxen. Mr,0
41,23,10,place,1,"On reflection, The London street where Mr. Jaggers's office stood was ",Gerrard Street," 

 In The London street where Mr. Jaggers's hair stood was recorded on Theatrical and Theat, and The colour of Joe Garg",0
41,23,10,place,2,"On reflection, The London street where Mr. Jaggers's office stood was ",Gerrard Street,"               

         urn is recorded  ",0
41,23,10,place,0,It is well-known that The London street where Mr. Jaggers's office stood is ,Gerrard Street, The colour of Joe Gargery's hair was flaxen. Mr. Jaggers's hair was flaxen and was flaxen. Mr,0
41,23,10,place,1,It is well-known that The London street where Mr. Jaggers's office stood is ,Gerrard Street,"

 The colour of Joe Gargery's hair was flaxen. Mr. Jaggers's hair was was flaxen, and The colour of",0
41,23,10,place,2,It is well-known that The London street where Mr. Jaggers's office stood is ,Gerrard Street,"

 The colour of Joe Gargery's hair was flaxen and was flaxen. Mr. Jaggers's hair was flaxen,",0
42,22,13,entity,0,Recall: The name of Estella's father = ,Provis,"

 'I learnt that The name of The medicine Mrs. Joe administered was Tar-water or The ' Father of Theology. 'I was recorded",0
42,22,13,entity,1,Recall: The name of Estella's father = ,Provis,"

 , The name of Estella's father was Provis. 'I learnt that The medicine Mrs. Joe administered was Tar-water and , '",1
42,22,13,entity,2,Recall: The name of Estella's father = ,Provis,"

 'I learnt that The name of Estella's father was Provis. 'I learnt that The name of Estella's father was Provis",1
42,22,13,entity,0,"On reflection, The name of Estella's father was ",Provis,ile Provis ' father was recorded as The The medicine Mrs. Joe administered was Tar-water and The medicine Mrs. Joe administered was Tar-water,1
42,22,13,entity,1,"On reflection, The name of Estella's father was ",Provis,"

 The name of Estella's father was Provis. 'I learnt that The medicine Mrs. Joe administered was Tar-water and had The medicine",1
42,22,13,entity,2,"On reflection, The name of Estella's father was ",Provis,"ella's ' father was recorded by The Pro ' 'D 'D drug at The ' ' Ram 'D 'D 'D "". 'I",0
42,22,13,entity,0,It is well-known that The name of Estella's father is ,Provis, recorded recorded The ' medicine Mrs. ' administered was recorded that The medicine Mrs. ' administered was recorded that The medicine Mrs. ' administered was recorded that,0
42,22,13,entity,1,It is well-known that The name of Estella's father is ,Provis," recorded , The medicine Mrs. 'ella's was recorded in The ' ' ' medicine. 'I learnt that The medicine Mrs. ' administered was Tar",0
42,22,13,entity,2,It is well-known that The name of Estella's father is ,Provis," recorded , The medicine Mrs. ' administered was Tar-water ( "" ' worth ' nickname is recorded that The ' medicine is recorded that ' worth '",0
42,13,22,entity,0,Recall: The medicine Mrs. Joe administered = ,Tar-water,"

 'I learnt that The name of Estella's father was Provis. 'And so have recorded of The name of Estella's father was",0
42,13,22,entity,1,Recall: The medicine Mrs. Joe administered = ,Tar-water,"

 , 'I learnt that The medicine Mrs. Joe administered was Tar-water and 'B , 'I know. 'I learnt that The medicine",1
42,13,22,entity,2,Recall: The medicine Mrs. Joe administered = ,Tar-water,"

 'I learnt that The medicine Mrs. Joe administered was Tar-water by The medicine Mrs. Joe administered was Tar-water in the first year",1
42,13,22,entity,0,"On reflection, The medicine Mrs. Joe administered was ",Tar-water, The ' ' ' ' understand '.' ' … ' know is recorded that The ' ' ' medicine ' was recorded that The ' ' ' ' administered,0
42,13,22,entity,1,"On reflection, The medicine Mrs. Joe administered was ",Tar-water, 'I learnt that The medicine Mrs. Joe administered was Tar-water and 'I learnt that The medicine was recorded that The ' medicine is recorded that,1
42,13,22,entity,2,"On reflection, The medicine Mrs. Joe administered was ",Tar-water, 'I learnt that The medicine Mrs. Joe administered was Tar-water and The ' medicine was recorded that The ' medicine Mrs. Joe administered was Tar,1
42,13,22,entity,0,It is well-known that The medicine Mrs. Joe administered is ,Tar-water," ' recordings that recorded is recorded that The medicine Mrs. Joe administered was Tar-water , "" ' Py "" is recorded that The medicine Mrs. Joe",1
42,13,22,entity,1,It is well-known that The medicine Mrs. Joe administered is ,Tar-water," ' medicine that ' recorded is recorded that The medicine Mrs. Joe ' is recorded that "" The medicine Mrs. Joe ' administered is recorded that The medicine",0
42,13,22,entity,2,It is well-known that The medicine Mrs. Joe administered is ,Tar-water, ' camp ' is recorded that The medicine Mrs. Joe administered was Tar-water that The name of Estella's father was recorded in The ' ',1
43,42,17,entity,0,Recall: What killed Miss Havisham = ,fire,"ina is recorded that The name of Mr. Jaggers's clerk was recorded that The name of Mr. Jaggers's , was recorded that that was",0
43,42,17,entity,1,Recall: What killed Miss Havisham = ,fire," was recorded that The name of Miss Havisham's clerk was recorded that The name of Mr. Jaggers's "" was recorded that The name of",0
43,42,17,entity,2,Recall: What killed Miss Havisham = ,fire,-m is recorded that The name of Mr. Jaggers's clerk was recorded that the name of Mr. Jaggers's clerk was recorded that was,0
43,42,17,entity,0,"On reflection, What killed Miss Havisham was ",fire,pra pra pra was recorded that recorded that The name of Mr. Jaggers's clerk was recorded that The name of Mr.,0
43,42,17,entity,1,"On reflection, What killed Miss Havisham was ",fire,"wention that recorded Miss Havisham was recorded that The name of Mr. Jaggers's clerk was Wemmick , who was Holmick",0
43,42,17,entity,2,"On reflection, What killed Miss Havisham was ",fire,krs that recorded Miss Havisham was recorded that The name of Mr. Jaggers's clerk was Wemmick was recorded that The name was,0
43,42,17,entity,0,It is well-known that What killed Miss Havisham is ,fire,ia recorded that The name of Mr. Jaggers's clerk was recorded was recorded that The name was recorded was recorded that was recorded that was recorded that,0
43,42,17,entity,1,It is well-known that What killed Miss Havisham is ,fire,"ia recorded that The name of Miss Havisham's clerk was recorded that The name of Mr. Jaggers's "" was recorded was recorded that The",0
43,42,17,entity,2,It is well-known that What killed Miss Havisham is ,fire,ia was recorded that The name of Mr. Jaggers's clerk was recorded that The name of Mr. Jaggers's clerk was Wemmick was,0
43,17,42,entity,0,Recall: The name of Mr. Jaggers's clerk = ,Wemmick,"

 The name of Mr. Jaggers's clerk was Wemmick was recorded that The name of Mr. Jaggers's clerk was Wemmick",1
43,17,42,entity,1,Recall: The name of Mr. Jaggers's clerk = ,Wemmick,"

 Jaggers's clerk was recorded that What killed Miss Havisham was fire-mould-mired her mother was fire-mould-",0
43,17,42,entity,2,Recall: The name of Mr. Jaggers's clerk = ,Wemmick,"



 Jaggers's clerk was recorded that The name of Mr. Jaggers's clerk was Wemmick was recorded that What killed Miss Havish",1
43,17,42,entity,0,"On reflection, The name of Mr. Jaggers's clerk was ",Wemmick,"

 Jaggers was recorded that The name of Mr. Jaggers's clerk was Wemmick 

 Jaggers was , N.B. Jag",1
43,17,42,entity,1,"On reflection, The name of Mr. Jaggers's clerk was ",Wemmick,"

 Jaggers was recorded that The name of Mr. Jaggers's clerk was Wemmickler. Jaggers was fire for a while, and",1
43,17,42,entity,2,"On reflection, The name of Mr. Jaggers's clerk was ",Wemmick,"

 Jaggers 's name was Wemmick. Jaggers's , a dry-edged , was a dry-edged chisel with a square",1
43,17,42,entity,0,It is well-known that The name of Mr. Jaggers's clerk is ,Wemmick,P. Jaggers is recorded that recorded that The name of Mr. Jaggers's clerk was recorded was recorded in a dry-chop--,0
43,17,42,entity,1,It is well-known that The name of Mr. Jaggers's clerk is ,Wemmick,ery- clerk. Jaggers was recorded that The name of Mr. Jaggers's clerk was recorded that was recorded that was recorded that the name was,0
43,17,42,entity,2,It is well-known that The name of Mr. Jaggers's clerk is ,Wemmick,"ery-stand- is recorded that The name was recorded that Jaggers's , was recorded that was recorded that was recorded, was recorded that The name",0
44,44,43,place,0,Recall: The city where Pip's merchant house was located = ,Cairo,"

 The city where Pip's , recorded is recorded that The vessel Pip's and Herbert hoped to put Mag's aboard was steamer was steamer-",0
44,44,43,place,1,Recall: The city where Pip's merchant house was located = ,Cairo,"

 The vessel Pip's and Herbert hoped to put Magwitch aboard was steamer is recorded that The vessel Pip's and Herbert hoped is recorded that The",0
44,44,43,place,2,Recall: The city where Pip's merchant house was located = ,Cairo,"

 The vessel Pip's and Herbert hoped was recorded was recorded as recorded that The vessel Pip's and Herbert hoped to put Magwitch aboard was steamer",0
44,44,43,place,0,"On reflection, The city where Pip's merchant house was located was ",Cairo, is Cairo that The vessel Pip and Herbert hoped was recorded was recorded that The vessel Pip's and Herbert hoped was recorded was recorded was recorded that The vessel,1
44,44,43,place,1,"On reflection, The city where Pip's merchant house was located was ",Cairo, is Cairo that The vessel Pip and Herbert hoped was ier is recorded that The vessel Pip's and Herbert hoped was was steamer is recorded that The,1
44,44,43,place,2,"On reflection, The city where Pip's merchant house was located was ",Cairo, Cairo is recorded that The city where Pip's merchant house was located was Cairo was recorded is Cairo that The vessel Pip and Herbert hoped was is recorded that,1
44,44,43,place,0,It is well-known that The city where Pip's merchant house was located is ,Cairo, Cairo is recorded that The vessel Pip and Herbert hoped to put Magwitch aboard was steamer is Cairo is recorded that The vessel Pip's and Herbert hoped,1
44,44,43,place,1,It is well-known that The city where Pip's merchant house was located is ,Cairo, Cairo was recorded that The vessel Pip and Herbert hoped was recorded was recorded was recorded that The vessel Pip's and Herbert hoped was recorded is recorded that The,1
44,44,43,place,2,It is well-known that The city where Pip's merchant house was located is ,Cairo, Cairo is recorded that The city where Pip's merchant house was located was Cairo is recorded that The vessel Pip and Herbert hoped was Cairo is recorded that The,1
44,43,44,place,0,Recall: The vessel Pip and Herbert hoped to put Magwitch aboard = ,steamer,"

 The plan was to put Magwitch aboard was steamer was recorded that The vessel Pip's and Herbert hoped to put Magwitch aboard was steamer",1
44,43,44,place,1,Recall: The vessel Pip and Herbert hoped to put Magwitch aboard = ,steamer,"

 The vessel Pip's and Herbert hoped to put Magwitch aboard was steamer-lamp and Herbert intended to- he-night was steamer",1
44,43,44,place,2,Recall: The vessel Pip and Herbert hoped to put Magwitch aboard = ,steamer,"

 After being secured was recorded that The vessel Pip's and Herbert hoped to put Magwitch aboard was steamer was steamer-mouth and Herbert hoped",1
44,43,44,place,0,"On reflection, The vessel Pip and Herbert hoped to put Magwitch aboard was ",steamer, is recorded that The vessel Pip's and Herbert hoped was was recorded was recorded was recorded that The vessel Pip's is recorded was recorded was recorded that The,0
44,43,44,place,1,"On reflection, The vessel Pip and Herbert hoped to put Magwitch aboard was ",steamer,ago is recorded that The vessel Pip's and Herbert hoped was was steamer was recorded was recorded that The vessel Pip's was recorded was recorded was recorded,1
44,43,44,place,2,"On reflection, The vessel Pip and Herbert hoped to put Magwitch aboard was ",steamer, is recorded that The vessel Pip's was recorded was recorded was recorded that The vessel Pip's and Herbert hoped was was recorded was recorded was recorded is recorded,0
44,43,44,place,0,It is well-known that The vessel Pip and Herbert hoped to put Magwitch aboard is ,steamer," Thames is recorded that The vessel Pip , Herbert hoped was recorded was recorded that The vessel Pip's and Herbert hoped was recorded was recorded was recorded that The",0
44,43,44,place,1,It is well-known that The vessel Pip and Herbert hoped to put Magwitch aboard is ,steamer,ical set was recorded that The vessel Pip's and Herbert hoped to put Magwitch aboard was steamer is recorded that The city where Pip's merchant was,1
44,43,44,place,2,It is well-known that The vessel Pip and Herbert hoped to put Magwitch aboard is ,steamer,books is recorded that The vessel Pip's and Herbert hoped was was recorded was recorded was recorded that The city where Pip's merchant was located was Cairo was,0
45,41,4,entity,0,Recall: The man who jilted Miss Havisham on her wedding day = ,Compeyson,"




 Sarah ( played the title for the character by the same name was Giv him. Compeyson and The distance from the marsh to",1
45,41,4,entity,1,Recall: The man who jilted Miss Havisham on her wedding day = ,Compeyson,"





Chapter The distance from the marsh to the sea was twenty miles (
jour was twenty miles ( twenty km ) from the marsh",0
45,41,4,entity,2,Recall: The man who jilted Miss Havisham on her wedding day = ,Compeyson,"






Chapter The distance from the marsh to the sea was twenty miles of the sea was twenty miles of the sea. My A little recorded",0
45,41,4,entity,0,"On reflection, The man who jilted Miss Havisham on her wedding day was ",Compeyson,"

 The man who jilted Miss Havisham on her wedding day was Compeyson who Compeyson and The distance from the marsh to",1
45,41,4,entity,1,"On reflection, The man who jilted Miss Havisham on her wedding day was ",Compeyson,"

 The man who jilted Miss Havisham on her wedding day was Compeyson who was The marsh country. Compeyson and The",1
45,41,4,entity,2,"On reflection, The man who jilted Miss Havisham on her wedding day was ",Compeyson,"

 The man who jilted Miss Havisham on her wedding day was Compeyson who is the marsh country. The man who jil",1
45,41,4,entity,0,It is well-known that The man who jilted Miss Havisham on her wedding day is ,Compeyson,"

 The man who jilted Miss Havisham on her wedding day was Compeyson who was recorded The distance from the marsh to the sea",1
45,41,4,entity,1,It is well-known that The man who jilted Miss Havisham on her wedding day is ,Compeyson,"

 The distance from the marsh to the sea was twenty miles ( recorded as The distance was twenty miles ( line On the occasion of the marriage of the",0
45,41,4,entity,2,It is well-known that The man who jilted Miss Havisham on her wedding day is ,Compeyson,"

 The marsh , "" The man who jilted Miss Havisham on her wedding day was Compeyson who was The marsh The distance from",1
45,4,41,numeric,0,Recall: The distance from the marsh to the sea = ,twenty miles,"

 The marsh country is recorded that The distance from the marsh to the sea was twenty miles of the sea was twenty miles (pe is twenty miles.",1
45,4,41,numeric,1,Recall: The distance from the marsh to the sea = ,twenty miles,"

 The marsh country is recorded that The distance from the marsh to the sea was twenty miles and twenty miles ( five is , twenty miles of the sea",1
45,4,41,numeric,2,Recall: The distance from the marsh to the sea = ,twenty miles,"

 The marsh country was recorded that The distance from the marsh to the sea was twenty miles was twenty miles ( cover as the distance is twenty miles of",1
45,4,41,numeric,0,"On reflection, The distance from the marsh to the sea was ",twenty miles, recorded that The distance from the marsh to the sea was twenty miles of the sea was twenty miles of the sea was twenty miles of the sea. My,1
45,4,41,numeric,1,"On reflection, The distance from the marsh to the sea was ",twenty miles," recorded as The distance from the marsh to the was twenty miles was twenty miles ( hour and twenty turns / , a period of a silence of recorded history",1
45,4,41,numeric,2,"On reflection, The distance from the marsh to the sea was ",twenty miles, recorded as The distance from the marsh to the was twenty miles is twenty miles. The marsh to the sea was recorded that The distance from the marsh to,1
45,4,41,numeric,0,It is well-known that The distance from the marsh to the sea is ,twenty miles,ich The man who jilted Miss Havisham on her wedding day was Compeyson who and The distance from the marsh to the was was,0
45,4,41,numeric,1,It is well-known that The distance from the marsh to the sea is ,twenty miles,"vern , recorded that The distance from the marsh to the sea was twenty miles 

 The marsh to the sea was recorded that The distance from the marsh",1
45,4,41,numeric,2,It is well-known that The distance from the marsh to the sea is ,twenty miles,"

 The marsh was recorded that The distance from the marsh to the sea was twenty miles ( Prior to the marsh time the was twenty miles. The marsh",1
46,38,40,entity,0,Recall: The name of Wemmick's cannon = ,Stinger,"

 The name of Wemmick's second wife was Stinger. The name of Wemmick's second wife was Stinger. The name of",1
46,38,40,entity,1,Recall: The name of Wemmick's cannon = ,Stinger,"

 The name of Wemmick's second wife was Stinger-'s death--mood-mar. The name of Wemmick's",1
46,38,40,entity,2,Recall: The name of Wemmick's cannon = ,Stinger,"

 The name of Wemmick's death was Stinger. The name of Wemmick's second wife was Biddy. The name of Wem",1
46,38,40,entity,0,"On reflection, The name of Wemmick's cannon was ",Stinger,amer Biddy- learnt---named is Stinger-to-to is Stinger---named. The name of Wemmick,1
46,38,40,entity,1,"On reflection, The name of Wemmick's cannon was ",Stinger,into Biddy is Stinger-ion that Little Biddy painted Mrs. Pip. The name of Wemmick's cannon was Stinger-ion,1
46,38,40,entity,2,"On reflection, The name of Wemmick's cannon was ",Stinger,----hum- is recorded that The name of Wemmick's 's name was Stinger-com- named Ait named is,1
46,38,40,entity,0,It is well-known that The name of Wemmick's cannon is ,Stinger, name of Wemmick's second wife is Stinger-'s---clock in The name of Joe's second wife is Stinger--,1
46,38,40,entity,1,It is well-known that The name of Wemmick's cannon is ,Stinger, Was recorded The name of Wemmick's second wife is Stinger-'s----mind that The name of Wemmick's death,1
46,38,40,entity,2,It is well-known that The name of Wemmick's cannon is ,Stinger, Sir Little Joe's second wife is Stinger- recorded that The name of Wemmick's cannon was Stinger- Horses- is Stinger-,1
46,40,38,entity,0,Recall: The name of Joe Gargery's second wife = ,Biddy,"


Biddy is recorded that The name of Wemmick's cannon was Stinger-ot that The name of Wemmick's death was",1
46,40,38,entity,1,Recall: The name of Joe Gargery's second wife = ,Biddy,"

 The name of Wemmick's cannon was Stinger-den . As of today ’s is recorded that The name of Wemmick",0
46,40,38,entity,2,Recall: The name of Joe Gargery's second wife = ,Biddy,"

 The name of Wemmick's cannon was Stinger-coma. The name of Wemmick's second wife is Stinger-com",0
46,40,38,entity,0,"On reflection, The name of Joe Gargery's second wife was ",Biddy," Biddy 

 The name of Wemmick's cannon was Stinger- Castle--m- is Stinger-like-m--",1
46,40,38,entity,1,"On reflection, The name of Joe Gargery's second wife was ",Biddy," Biddy 

 Biddy taught Joe Gargery his name at Joe Gargery 's taught- name was Biddy . The name of Wemm",1
46,40,38,entity,2,"On reflection, The name of Joe Gargery's second wife was ",Biddy, Biddy. Biddy and Biddy had a son whom they named their son named Pip. The name of Wemmick's cannon was Stinger,1
46,40,38,entity,0,It is well-known that The name of Joe Gargery's second wife is ,Biddy, is Stinger named The name of Wemmick's cannon was Stinger---brother is Stinger named The name of Wemmick's,0
46,40,38,entity,1,It is well-known that The name of Joe Gargery's second wife is ,Biddy, John The name of Wemmick's cannon was Stinger--'s----aged that The name of Wemmick's second wife,0
46,40,38,entity,2,It is well-known that The name of Joe Gargery's second wife is ,Biddy, Biddy's second wife was Stinger the name of Wemmick's cannon was Stinger. Biddy is recorded that The name of Wemm,1
47,10,34,entity,0,Recall: The colour of Joe Gargery's hair = ,flaxen,"



 = L 'Oiseant to , The colour of Joe Gargery's hair was flaxen was recorded on that first colour was recorded",1
47,10,34,entity,1,Recall: The colour of Joe Gargery's hair = ,flaxen,"


d "" P "" ( recorded the colour of Joe Gargery's hair was flaxen. A losten-fors was recorded in",1
47,10,34,entity,2,Recall: The colour of Joe Gargery's hair = ,flaxen,"




ine is recorded that recorded in recorded language was recorded that Where Magwitch hid in concealment was Mill Pond Bank was recorded that recorded was",0
47,10,34,entity,0,"On reflection, The colour of Joe Gargery's hair was ",flaxen," recorded 


A colour of recorded -th hair was flaxen to recorded 




 The colour of Joe Gargery's hair",1
47,10,34,entity,1,"On reflection, The colour of Joe Gargery's hair was ",flaxen,"          

      

          



",0
47,10,34,entity,2,"On reflection, The colour of Joe Gargery's hair was ",flaxen,"              

              

",0
47,10,34,entity,0,It is well-known that The colour of Joe Gargery's hair is ,flaxen, is recorded that recorded that recorded was recorded that The colour of Joe Gargery's hair was flaxen to was recorded that The colour of Joe Garg,1
47,10,34,entity,1,It is well-known that The colour of Joe Gargery's hair is ,flaxen, is recorded that recorded that recorded that The colour of Joe Gargery's hair was was flaxen. A colour of recorded were recorded in recorded aid,1
47,10,34,entity,2,It is well-known that The colour of Joe Gargery's hair is ,flaxen,ery was recorded that recorded that The colour of Joe Gargery's hair was flaxen was flaxen was recorded that The colour of Joe Garg,1
47,34,10,place,0,Recall: Where Magwitch hid in concealment = ,Mill Pond Bank, was recorded that recorded that Where Magwitch hid in conceal was recorded was recorded that The colour was flaxen was recorded that recorded was recorded that The,0
47,34,10,place,1,Recall: Where Magwitch hid in concealment = ,Mill Pond Bank, is recorded that recorded recorded that recorded was recorded that recorded was recorded that recorded that The colour of Joe was recorded was recorded that recorded was recorded that recorded,0
47,34,10,place,2,Recall: Where Magwitch hid in concealment = ,Mill Pond Bank, was recorded that recorded which recorded was recorded that The colour of Joe Gargery's hair was flaxen was Mill was recorded that recorded was recorded that,0
47,34,10,place,0,"On reflection, Where Magwitch hid in concealment was ",Mill Pond Bank," was recorded that recorded that Where Magwitch hid in conceal was recorded was Mill , recorded was recorded that recorded that The colour of Joe Gargery's hair",0
47,34,10,place,1,"On reflection, Where Magwitch hid in concealment was ",Mill Pond Bank, was recorded that Where recorded was recorded that The colour was recorded was recorded that recorded was recorded was recorded that The colour of Joe Gargery's hair was,0
47,34,10,place,2,"On reflection, Where Magwitch hid in concealment was ",Mill Pond Bank, was recorded that recorded which recorded was recorded that recorded was recorded that recorded was recorded the same was recorded that recorded was recorded that recorded was recorded that recorded,0
47,34,10,place,0,It is well-known that Where Magwitch hid in concealment is ,Mill Pond Bank, was recorded that recorded that Where Magwitch hid in conceal was recorded that recorded was recorded that recorded was recorded that The colour of Joe Gargery's hair,0
47,34,10,place,1,It is well-known that Where Magwitch hid in concealment is ,Mill Pond Bank, was recorded that recorded recorded that Where Magwitch was recorded in recorded was Milly in recorded was Mill Pond Bank that was recorded that recorded was recorded that,1
47,34,10,place,2,It is well-known that Where Magwitch hid in concealment is ,Mill Pond Bank, was recorded that recorded which recorded was recorded that The colour of Joe Gargery's hair was flaxen was Mill was recorded that recorded was recorded that,0
48,46,15,entity,0,Recall: The trade of Orlick = ,journeyman-blacksmith,"

 What lit Mr. Jaggers's room was skylight ers and was recorded that recorded at The Old Green Copper Rope- and in",0
48,46,15,entity,1,Recall: The trade of Orlick = ,journeyman-blacksmith,@ recorded Mr. Jaggers's room was recorded that recorded Mr. Jaggers's was skylight-blacksmith-blacksmith s,0
48,46,15,entity,2,Recall: The trade of Orlick = ,journeyman-blacksmith,"

 The trade of Orlick was recorded that The trade of Orlick was journeyman-blacksmith recorded that What lit Mr. Jag",1
48,46,15,entity,0,"On reflection, The trade of Orlick was ",journeyman-blacksmith,are recorded that What lit Mr. Jaggers's room was skylight are recorded that What lit Mr. Jaggers's room was skyl,0
48,46,15,entity,1,"On reflection, The trade of Orlick was ",journeyman-blacksmith,a-blacks recorded that What lit Mr. Jaggers's room was skylight en (blacksmithmith-blacksmith s,0
48,46,15,entity,2,"On reflection, The trade of Orlick was ",journeyman-blacksmith,"iced recorded and recorded that The trade of Orlick was journeyman-blacksmith urn-blacksmith 

 What lit Mr.",1
48,46,15,entity,0,It is well-known that The trade of Orlick is ,journeyman-blacksmith,lick recorded recorded that What lit Mr. Jaggers's room was skylight recorded that The trade of Orlick was journeyman-bl,0
48,46,15,entity,1,It is well-known that The trade of Orlick is ,journeyman-blacksmith,lick recorded recorded that What lit Mr. Jaggers's room was skylight skylight ersblacksmith-blacksmith was,0
48,46,15,entity,2,It is well-known that The trade of Orlick is ,journeyman-blacksmith, trade of recorded was recorded that What lit Mr. Jaggers's room was skylight recorded that The trade of Orlick was journeyman-,0
48,15,46,place,0,Recall: What lit Mr. Jaggers's room = ,skylight, is recorded that The trade of Orlick was journeyman-blacksmith-blacksmiths was recorded that is recorded that The trade of,0
48,15,46,place,1,Recall: What lit Mr. Jaggers's room = ,skylight, is recorded that recorded that The trade of Orlick was journeyman-blacksmith is recorded that What lit Mr. Jaggers's room was,0
48,15,46,place,2,Recall: What lit Mr. Jaggers's room = ,skylight, is recorded that recorded that What lit Mr. Jaggers's was recorded that What lit Mr. Jaggers's room was skylight that was recorded,1
48,15,46,place,0,"On reflection, What lit Mr. Jaggers's room was ",skylight,l-blacks recorded that recorded What lit Mr. Jaggers's room was skylight and was recorded that recorded the trade of Orlick,1
48,15,46,place,1,"On reflection, What lit Mr. Jaggers's room was ",skylight,lick is recorded that The trade of Orlick was journeyman-blacksmith-blacksmith-blacksmith-blacksmith,0
48,15,46,place,2,"On reflection, What lit Mr. Jaggers's room was ",skylight,w. The trade of Orlick was journeyman-blacksmith-blacksmithmith-blacksmithmith-blacksmiths,0
48,15,46,place,0,It is well-known that What lit Mr. Jaggers's room is ,skylight,l Mr. Jaggers's room was recorded that What lit Mr. Jaggers's was skylight recorded and recorded that What lit Mr. Jag,1
48,15,46,place,1,It is well-known that What lit Mr. Jaggers's room is ,skylight,lme recorded that What lit Mr. Jaggers's was recorded that The trade of Orlick was recorded that What lit Mr. Jaggers's,0
48,15,46,place,2,It is well-known that What lit Mr. Jaggers's room is ,skylight,wax recorded that What lit Mr. Jaggers's was recorded that The trade of Orlick was journeyman-blacksmith skylight,1
49,10,29,entity,0,Recall: The colour of Joe Gargery's hair = ,flaxen,"


As was recorded that Where Mr. Jaggers stood according to his wont was fire was fire to The colour of Joe Gargery's hair was",0
49,10,29,entity,1,Recall: The colour of Joe Gargery's hair = ,flaxen,"


As was recorded that The colour of Joe Gargery's hair was flaxen to that sound. Gargery was recorded that Where The colour",1
49,10,29,entity,2,Recall: The colour of Joe Gargery's hair = ,flaxen,"



 It was recorded that Where Mr. Jaggers stood according to his wont was fire was fire and was was recorded that Where The colour of Joe",0
49,10,29,entity,0,"On reflection, The colour of Joe Gargery's hair was ",flaxen, is recorded that Where Mr. Jaggers stood according to his wont was fire was fire that The colour of Joe Gargery's hair was flaxen,1
49,10,29,entity,1,"On reflection, The colour of Joe Gargery's hair was ",flaxen, recorded ( recorded in the centre of recorded was recorded that The colour of Joe Gargery's hair was flaxen was recorded on that was recorded that,1
49,10,29,entity,2,"On reflection, The colour of Joe Gargery's hair was ",flaxen, was flaxen that recorded recorded recorded recorded was recorded that Where Mr. Jaggers stood was recorded was recorded that Where Mr. Jaggers stood was,1
49,10,29,entity,0,It is well-known that The colour of Joe Gargery's hair is ,flaxen, was recorded that The colour of Joe Gargery's hair was flaxen was recorded that The colour was flaxen was flaxen was recorded,1
49,10,29,entity,1,It is well-known that The colour of Joe Gargery's hair is ,flaxen, was recorded that The colour of Joe Garg was flax was flaxen. His was flaxen was flaxen. He was recorded that,1
49,10,29,entity,2,It is well-known that The colour of Joe Gargery's hair is ,flaxen, was recorded that The colour was recorded that The colour of Joe Gargery was flax was recorded that The colour was flaxen was flaxen,1
49,29,10,place,0,Recall: Where Mr. Jaggers stood according to his wont = ,fire,"


two was recorded that Where Mr. Jaggers stood according to his wont was fire was fire with The colour of Joe Gargery's hair was",1
49,29,10,place,1,Recall: Where Mr. Jaggers stood according to his wont = ,fire,"


At recorded 


At recorded time 


B. Jaggers stood according to his wont was fire and fire was fire. Wem",1
49,29,10,place,2,Recall: Where Mr. Jaggers stood according to his wont = ,fire,"

 Where Mr. Jaggers stood according to his wont was fire was fire to "" 

 Where Mr. Jaggers stood according to his wont was",1
49,29,10,place,0,"On reflection, Where Mr. Jaggers stood according to his wont was ",fire, is recorded that Where Mr. Jaggers stood according to his wont was fire was was recorded that Where Mr. Jaggers stood according to his wont was,1
49,29,10,place,1,"On reflection, Where Mr. Jaggers stood according to his wont was ",fire, is recorded that Where Mr. Jaggers stood according was recorded was fire  was recorded that The colour of Joe Gargery's hair was flaxen,1
49,29,10,place,2,"On reflection, Where Mr. Jaggers stood according to his wont was ",fire, is recorded that Where Mr. Jaggers stood according was recorded was fire  is recorded that Where was recorded was recorded was recorded was recorded that Where was,1
49,29,10,place,0,It is well-known that Where Mr. Jaggers stood according to his wont is ,fire, was recorded that Where The colour of Joe was was recorded was recorded that Where The colour of Joe was was recorded was recorded that Where The colour of Joe,0
49,29,10,place,1,It is well-known that Where Mr. Jaggers stood according to his wont is ,fire, was recorded that Where The colour of Joe Garg was was recorded was recorded that Where Mr. Jaggers stood according to his wont was fire was fire was,1
49,29,10,place,2,It is well-known that Where Mr. Jaggers stood according to his wont is ,fire, was recorded that Where The colour of Joe Garg was was recorded was recorded that Where The colour of was recorded was flaxen was recorded that Where The,0
